-- phpMyAdmin SQL Dump
-- version 4.5.4.1
-- http://www.phpmyadmin.net
--
-- Host: localhost
-- Generation Time: Apr 17, 2019 at 12:16 PM
-- Server version: 5.6.36
-- PHP Version: 7.1.14

SET SQL_MODE = "NO_AUTO_VALUE_ON_ZERO";
SET time_zone = "+00:00";


/*!40101 SET @OLD_CHARACTER_SET_CLIENT=@@CHARACTER_SET_CLIENT */;
/*!40101 SET @OLD_CHARACTER_SET_RESULTS=@@CHARACTER_SET_RESULTS */;
/*!40101 SET @OLD_COLLATION_CONNECTION=@@COLLATION_CONNECTION */;
/*!40101 SET NAMES utf8mb4 */;

--
-- Database: `hzstore`
--

-- --------------------------------------------------------

--
-- Table structure for table `addresses`
--

CREATE TABLE `addresses` (
  `id` int(10) UNSIGNED NOT NULL,
  `user` int(10) UNSIGNED DEFAULT NULL,
  `fname` mediumtext COLLATE utf8mb4_unicode_ci,
  `lname` mediumtext COLLATE utf8mb4_unicode_ci,
  `address1` mediumtext COLLATE utf8mb4_unicode_ci,
  `address2` mediumtext COLLATE utf8mb4_unicode_ci,
  `code` mediumtext COLLATE utf8mb4_unicode_ci,
  `phone` mediumtext COLLATE utf8mb4_unicode_ci,
  `created_at` timestamp NULL DEFAULT NULL,
  `updated_at` timestamp NULL DEFAULT NULL
) ENGINE=InnoDB DEFAULT CHARSET=utf8mb4 COLLATE=utf8mb4_unicode_ci;

--
-- Dumping data for table `addresses`
--

INSERT INTO `addresses` (`id`, `user`, `fname`, `lname`, `address1`, `address2`, `code`, `phone`, `created_at`, `updated_at`) VALUES
(4, 9, 'hxxhch', 'hcucu', 'hchchy', 'xydyxyxy', '858474', '76546787', '2019-04-13 17:25:28', '2019-04-13 17:25:28'),
(5, 13, 'troo', 'tree', 'froo', 'bree', '74636', '636365', '2019-04-13 20:15:29', '2019-04-13 20:15:29'),
(6, 15, 'تيع', 'ىىى', 'ةةة', 'ةةةة', 'ةةوو', 'ةةةة', '2019-04-15 08:13:00', '2019-04-15 08:13:00'),
(7, 14, 'aa', 'bb', 'tttt', 'tttt', '56665', '77473', '2019-04-15 08:57:33', '2019-04-15 08:57:33'),
(8, 14, 'conn', 'v', '123', '334', '345', '123456', '2019-04-15 09:24:50', '2019-04-15 09:24:50');

-- --------------------------------------------------------

--
-- Table structure for table `cartitems`
--

CREATE TABLE `cartitems` (
  `id` int(10) UNSIGNED NOT NULL,
  `cartid` int(10) UNSIGNED NOT NULL,
  `product` int(11) NOT NULL,
  `count` int(11) NOT NULL DEFAULT '1',
  `created_at` timestamp NULL DEFAULT NULL,
  `updated_at` timestamp NULL DEFAULT NULL
) ENGINE=InnoDB DEFAULT CHARSET=utf8mb4 COLLATE=utf8mb4_unicode_ci;

--
-- Dumping data for table `cartitems`
--

INSERT INTO `cartitems` (`id`, `cartid`, `product`, `count`, `created_at`, `updated_at`) VALUES
(3, 5, 1, 1, '2018-04-14 15:40:48', '2018-04-14 15:40:48'),
(4, 4, 1, 10, '2018-04-14 15:41:38', '2018-04-14 15:42:01'),
(5, 6, 1, 1, '2018-04-14 17:24:23', '2018-04-14 17:24:23'),
(6, 8, 1, 1, '2018-04-14 19:02:31', '2018-04-14 19:02:31'),
(7, 10, 2, 9, '2018-04-15 01:58:36', '2018-04-15 02:00:34'),
(8, 10, 1, 9, '2018-04-15 01:58:45', '2018-04-15 02:00:30'),
(9, 7, 1, 8, '2018-04-15 07:07:13', '2018-04-15 14:14:30'),
(10, 7, 2, 7, '2018-04-15 07:07:17', '2018-04-15 14:14:26'),
(11, 13, 1, 14, '2018-04-15 09:17:05', '2018-04-15 09:35:10'),
(12, 13, 2, 10, '2018-04-15 09:29:54', '2018-04-15 09:34:55'),
(13, 16, 1, 6, '2018-04-16 04:50:13', '2018-04-18 18:56:59'),
(14, 16, 2, 5, '2018-04-16 04:50:18', '2018-04-18 18:30:48'),
(15, 18, 2, 7, '2018-04-16 09:15:38', '2018-04-16 15:01:50'),
(16, 18, 1, 3, '2018-04-16 09:26:07', '2018-04-16 09:27:55'),
(19, 20, 1, 11, '2018-04-18 06:58:38', '2018-04-18 07:09:29'),
(20, 20, 2, 3, '2018-04-18 06:59:25', '2018-04-18 07:02:36'),
(21, 21, 3, 10, '2018-04-18 18:51:49', '2018-04-18 18:56:08'),
(23, 21, 2, 10, '2018-04-18 18:52:03', '2018-04-18 18:56:13'),
(24, 16, 3, 8, '2018-04-18 18:56:47', '2018-04-18 18:56:55'),
(25, 22, 3, 1, '2018-04-18 19:05:33', '2018-04-18 19:05:33'),
(26, 24, 1, 2, '2018-04-19 04:35:57', '2018-04-19 04:36:04'),
(27, 26, 1, 4, '2018-04-19 04:53:14', '2018-04-19 04:54:46'),
(28, 26, 2, 3, '2018-04-19 04:54:14', '2018-04-19 04:56:07'),
(29, 28, 3, 1, '2018-04-19 09:30:01', '2018-04-19 09:30:01'),
(30, 28, 1, 1, '2018-04-19 10:57:09', '2018-04-19 10:57:09'),
(31, 29, 1, 1, '2018-04-19 14:04:36', '2018-04-19 14:04:36'),
(32, 31, 1, 2, '2018-04-23 04:39:33', '2018-04-23 04:39:50'),
(33, 32, 1, 3, '2018-04-23 06:47:02', '2018-04-25 16:46:26'),
(34, 32, 2, 2, '2018-04-23 06:47:06', '2018-04-25 16:46:07'),
(35, 33, 1, 5, '2018-04-24 06:41:53', '2018-04-24 06:44:41'),
(36, 33, 3, 1, '2018-04-24 06:42:32', '2018-04-24 06:42:32'),
(37, 33, 2, 1, '2018-04-24 06:44:59', '2018-04-24 06:44:59'),
(38, 32, 3, 1, '2018-04-25 03:10:07', '2018-04-25 03:10:07'),
(39, 36, 1, 1, '2018-04-25 16:45:30', '2018-04-25 16:45:30'),
(41, 37, 1, 1, '2018-04-25 17:23:50', '2018-04-25 17:24:28'),
(42, 37, 2, 2, '2018-04-25 17:23:54', '2018-04-25 17:24:02'),
(43, 37, 3, 1, '2018-04-25 17:23:57', '2018-04-25 17:23:57'),
(44, 40, 1, 1, '2018-04-26 03:17:03', '2018-04-26 03:17:03'),
(45, 38, 1, 1, '2018-04-26 04:11:21', '2018-04-26 04:11:21'),
(46, 44, 1, 1, '2018-04-26 07:10:28', '2018-04-26 07:10:28'),
(47, 44, 2, 1, '2018-04-26 07:10:38', '2018-04-26 07:10:38'),
(48, 44, 3, 1, '2018-04-26 07:11:46', '2018-04-26 07:11:46'),
(49, 47, 1, 1, '2018-04-27 07:40:47', '2018-04-27 07:40:47'),
(50, 47, 2, 1, '2018-04-27 07:40:49', '2018-04-27 07:40:49'),
(51, 60, 2, 4, '2018-05-01 05:41:54', '2018-05-01 05:42:04'),
(52, 62, 1, 1, '2018-05-01 07:32:36', '2018-05-01 07:32:36'),
(53, 65, 2, 1, '2018-05-01 18:24:32', '2018-05-01 18:24:32'),
(54, 69, 3, 15, '2018-05-02 05:15:55', '2018-05-02 05:16:07'),
(55, 42, 2, 6, '2018-05-02 05:18:24', '2018-05-03 06:05:47'),
(56, 42, 1, 3, '2018-05-02 05:19:50', '2018-05-03 06:05:31'),
(57, 42, 4, 2, '2018-05-02 05:25:53', '2018-05-03 06:05:25'),
(58, 71, 5, 1, '2018-05-02 06:52:19', '2018-05-02 06:52:19'),
(59, 78, 5, 6, '2018-05-04 06:17:51', '2018-05-04 06:18:09'),
(60, 78, 1, 1, '2018-05-04 06:17:57', '2018-05-04 06:17:57'),
(61, 78, 4, 1, '2018-05-04 06:18:00', '2018-05-04 06:18:00'),
(62, 82, 1, 7, '2018-05-04 06:21:19', '2019-04-04 08:37:55'),
(63, 84, 1, 1, '2018-05-07 14:27:14', '2018-05-07 14:27:14'),
(64, 129, 2, 4, '2018-05-14 09:47:19', '2018-05-14 09:47:26'),
(65, 148, 4, 16, '2018-05-27 23:04:41', '2018-05-27 23:05:42'),
(66, 148, 5, 13, '2018-05-27 23:05:20', '2018-05-27 23:05:44'),
(67, 187, 2, 6, '2018-06-16 14:17:59', '2018-06-16 14:18:07'),
(68, 82, 4, 2, '2019-01-28 05:03:15', '2019-04-05 07:15:58'),
(69, 269, 1, 1, '2019-03-02 05:06:20', '2019-03-02 05:06:20'),
(70, 274, 2, 1, '2019-03-03 06:24:10', '2019-03-03 06:24:10'),
(71, 275, 2, 1, '2019-03-03 07:50:31', '2019-03-03 07:50:31'),
(77, 281, 1, 1, '2019-03-22 18:38:42', '2019-03-22 18:38:42'),
(95, 282, 2, 4, '2019-03-24 13:57:10', '2019-03-24 16:29:10'),
(96, 282, 1, 5, '2019-03-24 16:23:23', '2019-03-24 16:34:59'),
(97, 282, 3, 1, '2019-03-24 16:29:14', '2019-03-24 16:29:14'),
(98, 282, 4, 1, '2019-03-24 16:29:16', '2019-03-24 16:29:16'),
(99, 282, 5, 1, '2019-03-24 16:29:24', '2019-03-24 16:29:24'),
(113, 301, 2, 6, '2019-04-08 06:37:59', '2019-04-12 11:06:41'),
(114, 301, 3, 1, '2019-04-08 06:44:49', '2019-04-08 06:44:49'),
(115, 301, 4, 2, '2019-04-08 06:44:50', '2019-04-12 11:07:57'),
(116, 63, 6, 10, '2019-04-08 08:19:13', '2019-04-08 08:19:33'),
(117, 63, 4, 1, '2019-04-08 08:19:16', '2019-04-08 08:19:16'),
(118, 63, 2, 1, '2019-04-08 08:19:19', '2019-04-08 08:19:19'),
(119, 63, 1, 6, '2019-04-08 08:19:23', '2019-04-08 08:19:51'),
(120, 304, 1, 6, '2019-04-08 08:20:58', '2019-04-08 08:23:02'),
(121, 301, 5, 1, '2019-04-12 11:07:59', '2019-04-12 11:07:59'),
(122, 301, 6, 1, '2019-04-12 11:08:02', '2019-04-12 11:08:02'),
(123, 307, 1, 2, '2019-04-13 15:28:35', '2019-04-13 15:28:49'),
(124, 307, 2, 2, '2019-04-13 15:28:37', '2019-04-13 15:28:53'),
(125, 308, 1, 1, '2019-04-13 17:40:11', '2019-04-13 17:40:11'),
(126, 308, 2, 1, '2019-04-13 17:40:14', '2019-04-13 17:40:14'),
(127, 309, 2, 2, '2019-04-13 17:50:29', '2019-04-13 17:51:20'),
(128, 310, 2, 3, '2019-04-13 17:53:32', '2019-04-13 17:53:38'),
(129, 311, 2, 1, '2019-04-13 17:59:47', '2019-04-13 17:59:47'),
(130, 312, 2, 1, '2019-04-13 18:03:00', '2019-04-13 18:03:00'),
(131, 312, 3, 1, '2019-04-13 18:03:01', '2019-04-13 18:03:01'),
(132, 313, 2, 1, '2019-04-13 18:03:19', '2019-04-13 18:03:19'),
(133, 315, 1, 1, '2019-04-13 19:38:18', '2019-04-13 19:38:18'),
(143, 318, 3, 1, '2019-04-13 20:12:14', '2019-04-13 20:12:14'),
(144, 318, 5, 1, '2019-04-13 20:14:21', '2019-04-13 20:14:21'),
(145, 318, 6, 1, '2019-04-13 20:14:23', '2019-04-13 20:14:23'),
(146, 318, 4, 1, '2019-04-13 20:14:24', '2019-04-13 20:14:24'),
(147, 319, 1, 5, '2019-04-13 20:16:51', '2019-04-13 20:17:40'),
(148, 319, 4, 1, '2019-04-13 20:17:28', '2019-04-13 20:17:28'),
(149, 319, 2, 1, '2019-04-13 20:17:30', '2019-04-13 20:17:30'),
(152, 320, 1, 1, '2019-04-15 05:45:44', '2019-04-15 05:45:44'),
(153, 323, 1, 2, '2019-04-15 08:12:35', '2019-04-15 08:12:43'),
(154, 324, 1, 1, '2019-04-15 08:14:22', '2019-04-15 08:14:22'),
(155, 324, 2, 2, '2019-04-15 08:14:26', '2019-04-15 08:14:35'),
(156, 322, 1, 2, '2019-04-15 08:31:49', '2019-04-15 08:56:43'),
(157, 326, 1, 2, '2019-04-15 09:21:49', '2019-04-15 09:21:56'),
(158, 327, 2, 2, '2019-04-15 09:27:01', '2019-04-15 09:27:36');

-- --------------------------------------------------------

--
-- Table structure for table `carts`
--

CREATE TABLE `carts` (
  `id` int(10) UNSIGNED NOT NULL,
  `user` int(10) UNSIGNED DEFAULT NULL,
  `deleted_at` timestamp NULL DEFAULT NULL,
  `created_at` timestamp NULL DEFAULT NULL,
  `updated_at` timestamp NULL DEFAULT NULL
) ENGINE=InnoDB DEFAULT CHARSET=utf8mb4 COLLATE=utf8mb4_unicode_ci;

--
-- Dumping data for table `carts`
--

INSERT INTO `carts` (`id`, `user`, `deleted_at`, `created_at`, `updated_at`) VALUES
(1, NULL, '2018-04-14 15:28:32', '2018-04-14 15:19:27', '2018-04-14 15:28:32'),
(2, NULL, NULL, '2018-04-14 15:28:33', '2018-04-14 15:28:33'),
(3, 1, '2018-04-14 15:29:52', '2018-04-14 15:29:07', '2018-04-14 15:29:52'),
(4, 1, '2018-04-14 15:43:27', '2018-04-14 15:29:53', '2018-04-14 15:43:27'),
(5, NULL, NULL, '2018-04-14 15:40:31', '2018-04-14 15:40:31'),
(6, 1, '2018-04-14 18:13:25', '2018-04-14 15:43:27', '2018-04-14 18:13:25'),
(7, 1, '2018-04-16 04:43:13', '2018-04-14 18:13:25', '2018-04-16 04:43:13'),
(8, NULL, NULL, '2018-04-14 19:02:17', '2018-04-14 19:02:17'),
(9, NULL, NULL, '2018-04-14 22:43:01', '2018-04-14 22:43:01'),
(10, NULL, '2018-04-15 02:00:53', '2018-04-15 01:58:18', '2018-04-15 02:00:53'),
(11, NULL, NULL, '2018-04-15 02:00:54', '2018-04-15 02:00:54'),
(12, NULL, NULL, '2018-04-15 07:05:30', '2018-04-15 07:05:30'),
(13, NULL, NULL, '2018-04-15 09:10:23', '2018-04-15 09:10:23'),
(14, NULL, NULL, '2018-04-15 12:40:15', '2018-04-15 12:40:15'),
(15, NULL, NULL, '2018-04-16 04:42:25', '2018-04-16 04:42:25'),
(16, 1, '2018-04-18 18:57:06', '2018-04-16 04:43:13', '2018-04-18 18:57:06'),
(17, NULL, '2018-04-16 08:42:23', '2018-04-16 06:38:10', '2018-04-16 08:42:23'),
(18, NULL, NULL, '2018-04-16 08:42:23', '2018-04-16 08:42:23'),
(19, NULL, NULL, '2018-04-16 10:35:54', '2018-04-16 10:35:54'),
(20, NULL, NULL, '2018-04-18 06:48:35', '2018-04-18 06:48:35'),
(21, NULL, NULL, '2018-04-18 12:40:35', '2018-04-18 12:40:35'),
(22, 1, '2018-04-23 04:41:21', '2018-04-18 18:57:06', '2018-04-23 04:41:21'),
(23, NULL, NULL, '2018-04-18 19:37:34', '2018-04-18 19:37:34'),
(24, NULL, NULL, '2018-04-19 02:53:41', '2018-04-19 02:53:41'),
(25, NULL, NULL, '2018-04-19 03:45:46', '2018-04-19 03:45:46'),
(26, NULL, NULL, '2018-04-19 04:52:47', '2018-04-19 04:52:47'),
(27, NULL, NULL, '2018-04-19 04:55:28', '2018-04-19 04:55:28'),
(28, NULL, NULL, '2018-04-19 09:29:57', '2018-04-19 09:29:57'),
(29, NULL, NULL, '2018-04-19 14:04:34', '2018-04-19 14:04:34'),
(30, NULL, NULL, '2018-04-22 15:17:29', '2018-04-22 15:17:29'),
(31, NULL, NULL, '2018-04-23 04:34:15', '2018-04-23 04:34:15'),
(32, 1, '2018-04-25 17:07:42', '2018-04-23 04:41:21', '2018-04-25 17:07:42'),
(33, NULL, NULL, '2018-04-24 06:41:44', '2018-04-24 06:41:44'),
(34, NULL, NULL, '2018-04-25 03:08:15', '2018-04-25 03:08:15'),
(35, NULL, NULL, '2018-04-25 12:39:44', '2018-04-25 12:39:44'),
(36, NULL, NULL, '2018-04-25 15:29:31', '2018-04-25 15:29:31'),
(37, 1, '2018-04-25 17:25:05', '2018-04-25 17:07:42', '2018-04-25 17:25:05'),
(38, 1, '2018-04-26 04:11:45', '2018-04-25 17:25:05', '2018-04-26 04:11:45'),
(39, NULL, NULL, '2018-04-26 02:15:26', '2018-04-26 02:15:26'),
(40, NULL, '2018-04-26 04:10:51', '2018-04-26 02:51:28', '2018-04-26 04:10:51'),
(41, NULL, NULL, '2018-04-26 04:10:51', '2018-04-26 04:10:51'),
(42, 1, '2018-05-03 06:06:26', '2018-04-26 04:11:46', '2018-05-03 06:06:26'),
(43, NULL, NULL, '2018-04-26 04:36:04', '2018-04-26 04:36:04'),
(44, NULL, NULL, '2018-04-26 07:10:05', '2018-04-26 07:10:05'),
(45, NULL, NULL, '2018-04-26 07:10:41', '2018-04-26 07:10:41'),
(46, NULL, NULL, '2018-04-26 07:11:29', '2018-04-26 07:11:29'),
(47, NULL, NULL, '2018-04-27 07:40:42', '2018-04-27 07:40:42'),
(48, NULL, NULL, '2018-04-27 11:41:22', '2018-04-27 11:41:22'),
(49, NULL, NULL, '2018-04-27 17:52:04', '2018-04-27 17:52:04'),
(50, NULL, NULL, '2018-04-28 09:42:50', '2018-04-28 09:42:50'),
(51, NULL, NULL, '2018-04-28 14:36:45', '2018-04-28 14:36:45'),
(52, NULL, NULL, '2018-04-29 06:11:52', '2018-04-29 06:11:52'),
(53, NULL, NULL, '2018-04-29 10:23:03', '2018-04-29 10:23:03'),
(54, NULL, NULL, '2018-04-29 13:02:37', '2018-04-29 13:02:37'),
(55, NULL, NULL, '2018-04-29 15:38:43', '2018-04-29 15:38:43'),
(56, NULL, NULL, '2018-04-30 08:03:46', '2018-04-30 08:03:46'),
(57, NULL, NULL, '2018-04-30 11:59:45', '2018-04-30 11:59:45'),
(58, NULL, NULL, '2018-04-30 15:04:33', '2018-04-30 15:04:33'),
(59, NULL, NULL, '2018-05-01 04:10:08', '2018-05-01 04:10:08'),
(60, NULL, NULL, '2018-05-01 05:20:52', '2018-05-01 05:20:52'),
(61, NULL, NULL, '2018-05-01 07:28:45', '2018-05-01 07:28:45'),
(62, 2, '2018-05-01 07:33:01', '2018-05-01 07:31:39', '2018-05-01 07:33:01'),
(63, 2, NULL, '2018-05-01 07:33:02', '2018-05-01 07:33:02'),
(64, NULL, NULL, '2018-05-01 08:36:41', '2018-05-01 08:36:41'),
(65, NULL, '2018-05-01 18:24:39', '2018-05-01 15:44:31', '2018-05-01 18:24:39'),
(66, NULL, NULL, '2018-05-01 18:24:39', '2018-05-01 18:24:39'),
(67, NULL, NULL, '2018-05-01 18:32:19', '2018-05-01 18:32:19'),
(68, NULL, NULL, '2018-05-02 02:24:51', '2018-05-02 02:24:51'),
(69, NULL, NULL, '2018-05-02 03:57:01', '2018-05-02 03:57:01'),
(70, NULL, NULL, '2018-05-02 06:15:12', '2018-05-02 06:15:12'),
(71, NULL, NULL, '2018-05-02 06:20:18', '2018-05-02 06:20:18'),
(72, NULL, NULL, '2018-05-02 08:07:27', '2018-05-02 08:07:27'),
(73, NULL, NULL, '2018-05-02 10:56:55', '2018-05-02 10:56:55'),
(74, NULL, NULL, '2018-05-02 16:49:52', '2018-05-02 16:49:52'),
(75, NULL, NULL, '2018-05-03 02:26:59', '2018-05-03 02:26:59'),
(76, NULL, NULL, '2018-05-03 02:31:49', '2018-05-03 02:31:49'),
(77, NULL, NULL, '2018-05-03 06:01:37', '2018-05-03 06:01:37'),
(78, 1, '2018-05-04 06:18:26', '2018-05-03 06:06:27', '2018-05-04 06:18:26'),
(79, NULL, NULL, '2018-05-03 10:02:05', '2018-05-03 10:02:05'),
(80, NULL, NULL, '2018-05-03 17:07:06', '2018-05-03 17:07:06'),
(81, NULL, NULL, '2018-05-04 05:54:40', '2018-05-04 05:54:40'),
(82, 1, NULL, '2018-05-04 06:18:26', '2018-05-04 06:18:26'),
(83, NULL, NULL, '2018-05-06 12:38:10', '2018-05-06 12:38:10'),
(84, NULL, NULL, '2018-05-07 14:08:00', '2018-05-07 14:08:00'),
(85, NULL, NULL, '2018-05-08 07:28:51', '2018-05-08 07:28:51'),
(86, NULL, NULL, '2018-05-08 07:28:58', '2018-05-08 07:28:58'),
(87, NULL, NULL, '2018-05-08 07:29:04', '2018-05-08 07:29:04'),
(88, NULL, NULL, '2018-05-08 07:29:31', '2018-05-08 07:29:31'),
(89, NULL, NULL, '2018-05-08 07:29:34', '2018-05-08 07:29:34'),
(90, NULL, NULL, '2018-05-08 07:29:37', '2018-05-08 07:29:37'),
(91, NULL, NULL, '2018-05-08 07:29:47', '2018-05-08 07:29:47'),
(92, NULL, NULL, '2018-05-08 07:29:51', '2018-05-08 07:29:51'),
(93, NULL, NULL, '2018-05-08 07:29:51', '2018-05-08 07:29:51'),
(94, NULL, NULL, '2018-05-08 07:29:52', '2018-05-08 07:29:52'),
(95, NULL, NULL, '2018-05-08 07:29:52', '2018-05-08 07:29:52'),
(96, NULL, NULL, '2018-05-08 07:29:56', '2018-05-08 07:29:56'),
(97, NULL, NULL, '2018-05-08 07:29:57', '2018-05-08 07:29:57'),
(98, NULL, NULL, '2018-05-08 07:29:59', '2018-05-08 07:29:59'),
(99, NULL, NULL, '2018-05-08 07:30:01', '2018-05-08 07:30:01'),
(100, NULL, NULL, '2018-05-08 07:30:05', '2018-05-08 07:30:05'),
(101, NULL, NULL, '2018-05-08 07:30:12', '2018-05-08 07:30:12'),
(102, NULL, NULL, '2018-05-08 07:30:24', '2018-05-08 07:30:24'),
(103, NULL, NULL, '2018-05-08 07:30:31', '2018-05-08 07:30:31'),
(104, NULL, NULL, '2018-05-08 07:30:34', '2018-05-08 07:30:34'),
(105, NULL, NULL, '2018-05-08 07:31:27', '2018-05-08 07:31:27'),
(106, NULL, NULL, '2018-05-08 07:32:25', '2018-05-08 07:32:25'),
(107, NULL, NULL, '2018-05-08 07:33:26', '2018-05-08 07:33:26'),
(108, NULL, NULL, '2018-05-08 07:34:46', '2018-05-08 07:34:46'),
(109, NULL, NULL, '2018-05-08 14:32:21', '2018-05-08 14:32:21'),
(110, NULL, NULL, '2018-05-08 19:42:26', '2018-05-08 19:42:26'),
(111, NULL, NULL, '2018-05-09 11:52:45', '2018-05-09 11:52:45'),
(112, NULL, NULL, '2018-05-12 20:47:03', '2018-05-12 20:47:03'),
(113, NULL, NULL, '2018-05-12 21:00:57', '2018-05-12 21:00:57'),
(114, NULL, NULL, '2018-05-12 21:11:12', '2018-05-12 21:11:12'),
(115, NULL, NULL, '2018-05-12 21:11:19', '2018-05-12 21:11:19'),
(116, NULL, NULL, '2018-05-12 21:16:28', '2018-05-12 21:16:28'),
(117, NULL, NULL, '2018-05-12 21:16:42', '2018-05-12 21:16:42'),
(118, NULL, NULL, '2018-05-12 21:21:20', '2018-05-12 21:21:20'),
(119, NULL, NULL, '2018-05-12 21:30:26', '2018-05-12 21:30:26'),
(120, NULL, NULL, '2018-05-12 21:31:57', '2018-05-12 21:31:57'),
(121, NULL, NULL, '2018-05-12 21:34:47', '2018-05-12 21:34:47'),
(122, NULL, NULL, '2018-05-12 21:39:49', '2018-05-12 21:39:49'),
(123, NULL, NULL, '2018-05-12 21:52:06', '2018-05-12 21:52:06'),
(124, NULL, NULL, '2018-05-12 22:06:12', '2018-05-12 22:06:12'),
(125, NULL, NULL, '2018-05-12 22:18:32', '2018-05-12 22:18:32'),
(126, NULL, NULL, '2018-05-12 23:15:19', '2018-05-12 23:15:19'),
(127, NULL, NULL, '2018-05-13 05:45:58', '2018-05-13 05:45:58'),
(128, NULL, NULL, '2018-05-13 06:03:39', '2018-05-13 06:03:39'),
(129, NULL, NULL, '2018-05-14 09:46:15', '2018-05-14 09:46:15'),
(130, NULL, NULL, '2018-05-14 11:27:20', '2018-05-14 11:27:20'),
(131, NULL, NULL, '2018-05-14 21:57:05', '2018-05-14 21:57:05'),
(132, NULL, NULL, '2018-05-14 21:57:10', '2018-05-14 21:57:10'),
(133, NULL, NULL, '2018-05-14 21:57:45', '2018-05-14 21:57:45'),
(134, NULL, NULL, '2018-05-14 21:58:05', '2018-05-14 21:58:05'),
(135, NULL, NULL, '2018-05-14 22:01:11', '2018-05-14 22:01:11'),
(136, NULL, NULL, '2018-05-14 22:01:18', '2018-05-14 22:01:18'),
(137, NULL, NULL, '2018-05-14 23:06:29', '2018-05-14 23:06:29'),
(138, NULL, NULL, '2018-05-18 03:47:49', '2018-05-18 03:47:49'),
(139, NULL, NULL, '2018-05-18 11:49:06', '2018-05-18 11:49:06'),
(140, NULL, NULL, '2018-05-20 09:52:08', '2018-05-20 09:52:08'),
(141, NULL, NULL, '2018-05-23 20:27:43', '2018-05-23 20:27:43'),
(142, NULL, NULL, '2018-05-23 20:28:52', '2018-05-23 20:28:52'),
(143, NULL, NULL, '2018-05-26 02:57:05', '2018-05-26 02:57:05'),
(144, NULL, NULL, '2018-05-26 06:39:27', '2018-05-26 06:39:27'),
(145, NULL, NULL, '2018-05-26 12:14:46', '2018-05-26 12:14:46'),
(146, NULL, NULL, '2018-05-26 14:56:02', '2018-05-26 14:56:02'),
(147, NULL, NULL, '2018-05-27 21:17:11', '2018-05-27 21:17:11'),
(148, NULL, NULL, '2018-05-27 23:03:53', '2018-05-27 23:03:53'),
(149, NULL, NULL, '2018-05-28 09:30:45', '2018-05-28 09:30:45'),
(150, NULL, NULL, '2018-05-28 09:30:46', '2018-05-28 09:30:46'),
(151, NULL, NULL, '2018-05-28 21:25:02', '2018-05-28 21:25:02'),
(152, NULL, NULL, '2018-05-28 21:25:05', '2018-05-28 21:25:05'),
(153, NULL, NULL, '2018-05-30 06:58:00', '2018-05-30 06:58:00'),
(154, NULL, NULL, '2018-05-31 16:16:00', '2018-05-31 16:16:00'),
(155, NULL, NULL, '2018-06-02 14:41:23', '2018-06-02 14:41:23'),
(156, NULL, NULL, '2018-06-07 11:34:14', '2018-06-07 11:34:14'),
(157, NULL, NULL, '2018-06-07 11:34:36', '2018-06-07 11:34:36'),
(158, NULL, NULL, '2018-06-07 11:34:44', '2018-06-07 11:34:44'),
(159, NULL, NULL, '2018-06-07 11:34:57', '2018-06-07 11:34:57'),
(160, NULL, NULL, '2018-06-07 11:34:58', '2018-06-07 11:34:58'),
(161, NULL, NULL, '2018-06-07 11:34:59', '2018-06-07 11:34:59'),
(162, NULL, NULL, '2018-06-07 11:35:07', '2018-06-07 11:35:07'),
(163, NULL, NULL, '2018-06-07 11:35:08', '2018-06-07 11:35:08'),
(164, NULL, NULL, '2018-06-07 11:35:11', '2018-06-07 11:35:11'),
(165, NULL, NULL, '2018-06-07 11:35:12', '2018-06-07 11:35:12'),
(166, NULL, NULL, '2018-06-07 11:35:12', '2018-06-07 11:35:12'),
(167, NULL, NULL, '2018-06-07 11:35:13', '2018-06-07 11:35:13'),
(168, NULL, NULL, '2018-06-07 11:35:16', '2018-06-07 11:35:16'),
(169, NULL, NULL, '2018-06-07 11:35:31', '2018-06-07 11:35:31'),
(170, NULL, NULL, '2018-06-07 11:35:39', '2018-06-07 11:35:39'),
(171, NULL, NULL, '2018-06-07 11:35:54', '2018-06-07 11:35:54'),
(172, NULL, NULL, '2018-06-07 11:35:54', '2018-06-07 11:35:54'),
(173, NULL, NULL, '2018-06-07 11:35:56', '2018-06-07 11:35:56'),
(174, NULL, NULL, '2018-06-07 11:36:59', '2018-06-07 11:36:59'),
(175, NULL, NULL, '2018-06-07 11:37:08', '2018-06-07 11:37:08'),
(176, NULL, NULL, '2018-06-07 11:37:19', '2018-06-07 11:37:19'),
(177, NULL, NULL, '2018-06-07 11:37:55', '2018-06-07 11:37:55'),
(178, NULL, NULL, '2018-06-07 11:38:52', '2018-06-07 11:38:52'),
(179, NULL, NULL, '2018-06-07 11:39:47', '2018-06-07 11:39:47'),
(180, NULL, NULL, '2018-06-08 22:02:58', '2018-06-08 22:02:58'),
(181, NULL, NULL, '2018-06-09 11:59:24', '2018-06-09 11:59:24'),
(182, NULL, NULL, '2018-06-10 09:39:47', '2018-06-10 09:39:47'),
(183, NULL, NULL, '2018-06-10 10:20:13', '2018-06-10 10:20:13'),
(184, NULL, NULL, '2018-06-10 13:22:12', '2018-06-10 13:22:12'),
(185, NULL, NULL, '2018-06-12 21:09:43', '2018-06-12 21:09:43'),
(186, NULL, NULL, '2018-06-15 06:37:51', '2018-06-15 06:37:51'),
(187, NULL, NULL, '2018-06-16 14:17:48', '2018-06-16 14:17:48'),
(188, NULL, NULL, '2018-06-17 04:15:26', '2018-06-17 04:15:26'),
(189, NULL, NULL, '2018-06-18 19:38:39', '2018-06-18 19:38:39'),
(190, NULL, NULL, '2018-06-18 19:39:49', '2018-06-18 19:39:49'),
(191, NULL, NULL, '2018-06-23 13:02:44', '2018-06-23 13:02:44'),
(192, NULL, NULL, '2018-06-27 06:39:20', '2018-06-27 06:39:20'),
(193, NULL, NULL, '2018-06-29 07:59:31', '2018-06-29 07:59:31'),
(194, NULL, NULL, '2018-06-29 08:01:24', '2018-06-29 08:01:24'),
(195, NULL, NULL, '2018-06-29 08:01:31', '2018-06-29 08:01:31'),
(196, NULL, NULL, '2018-06-29 08:01:33', '2018-06-29 08:01:33'),
(197, NULL, NULL, '2018-06-29 08:01:35', '2018-06-29 08:01:35'),
(198, NULL, NULL, '2018-06-29 08:01:38', '2018-06-29 08:01:38'),
(199, NULL, NULL, '2018-06-29 08:01:40', '2018-06-29 08:01:40'),
(200, NULL, NULL, '2018-06-29 08:01:43', '2018-06-29 08:01:43'),
(201, NULL, NULL, '2018-06-29 11:20:30', '2018-06-29 11:20:30'),
(202, NULL, NULL, '2018-06-29 16:55:15', '2018-06-29 16:55:15'),
(203, NULL, NULL, '2018-06-29 16:55:16', '2018-06-29 16:55:16'),
(204, NULL, NULL, '2018-07-01 10:38:11', '2018-07-01 10:38:11'),
(205, NULL, NULL, '2018-07-17 04:43:14', '2018-07-17 04:43:14'),
(206, NULL, NULL, '2018-07-19 14:02:44', '2018-07-19 14:02:44'),
(207, NULL, NULL, '2018-07-20 11:50:35', '2018-07-20 11:50:35'),
(208, NULL, NULL, '2018-07-21 00:38:00', '2018-07-21 00:38:00'),
(209, NULL, NULL, '2018-07-21 20:49:47', '2018-07-21 20:49:47'),
(210, NULL, NULL, '2018-07-22 07:18:01', '2018-07-22 07:18:01'),
(211, NULL, NULL, '2018-07-23 10:39:04', '2018-07-23 10:39:04'),
(212, NULL, NULL, '2018-07-23 15:43:29', '2018-07-23 15:43:29'),
(213, NULL, NULL, '2018-07-23 17:12:32', '2018-07-23 17:12:32'),
(214, NULL, NULL, '2018-07-27 13:14:44', '2018-07-27 13:14:44'),
(215, NULL, NULL, '2018-07-27 19:54:24', '2018-07-27 19:54:24'),
(216, NULL, NULL, '2018-07-27 22:53:55', '2018-07-27 22:53:55'),
(217, NULL, NULL, '2018-07-29 05:27:50', '2018-07-29 05:27:50'),
(218, NULL, NULL, '2018-07-30 06:40:50', '2018-07-30 06:40:50'),
(219, NULL, NULL, '2018-07-31 02:49:39', '2018-07-31 02:49:39'),
(220, NULL, NULL, '2018-07-31 02:49:40', '2018-07-31 02:49:40'),
(221, NULL, NULL, '2018-08-05 03:48:45', '2018-08-05 03:48:45'),
(222, NULL, NULL, '2018-08-06 00:56:10', '2018-08-06 00:56:10'),
(223, NULL, NULL, '2018-08-06 00:57:21', '2018-08-06 00:57:21'),
(224, NULL, NULL, '2018-08-07 12:00:19', '2018-08-07 12:00:19'),
(225, NULL, NULL, '2018-08-11 07:54:40', '2018-08-11 07:54:40'),
(226, NULL, NULL, '2018-08-13 03:38:31', '2018-08-13 03:38:31'),
(227, NULL, NULL, '2018-08-13 03:38:32', '2018-08-13 03:38:32'),
(228, NULL, NULL, '2018-08-14 23:41:35', '2018-08-14 23:41:35'),
(229, NULL, NULL, '2018-08-14 23:41:51', '2018-08-14 23:41:51'),
(230, NULL, NULL, '2018-08-14 23:41:58', '2018-08-14 23:41:58'),
(231, NULL, NULL, '2018-08-14 23:42:16', '2018-08-14 23:42:16'),
(232, NULL, NULL, '2018-08-14 23:43:11', '2018-08-14 23:43:11'),
(233, NULL, NULL, '2018-08-14 23:46:03', '2018-08-14 23:46:03'),
(234, NULL, NULL, '2018-08-15 01:38:13', '2018-08-15 01:38:13'),
(235, NULL, NULL, '2018-08-15 02:11:45', '2018-08-15 02:11:45'),
(236, NULL, NULL, '2018-08-15 17:03:27', '2018-08-15 17:03:27'),
(237, NULL, NULL, '2018-08-15 17:03:45', '2018-08-15 17:03:45'),
(238, NULL, NULL, '2018-08-15 17:04:17', '2018-08-15 17:04:17'),
(239, NULL, NULL, '2018-08-15 17:04:24', '2018-08-15 17:04:24'),
(240, NULL, NULL, '2018-08-15 17:04:46', '2018-08-15 17:04:46'),
(241, NULL, NULL, '2018-08-15 17:05:16', '2018-08-15 17:05:16'),
(242, NULL, NULL, '2018-08-15 17:05:38', '2018-08-15 17:05:38'),
(243, NULL, NULL, '2018-08-15 17:06:00', '2018-08-15 17:06:00'),
(244, NULL, NULL, '2018-08-15 17:07:14', '2018-08-15 17:07:14'),
(245, NULL, NULL, '2018-08-15 17:07:17', '2018-08-15 17:07:17'),
(246, NULL, NULL, '2018-08-15 17:07:39', '2018-08-15 17:07:39'),
(247, NULL, NULL, '2018-08-15 17:08:00', '2018-08-15 17:08:00'),
(248, NULL, NULL, '2018-08-15 17:08:22', '2018-08-15 17:08:22'),
(249, NULL, NULL, '2018-08-15 17:08:30', '2018-08-15 17:08:30'),
(250, NULL, NULL, '2018-08-15 17:13:28', '2018-08-15 17:13:28'),
(251, NULL, NULL, '2018-08-15 17:14:52', '2018-08-15 17:14:52'),
(252, NULL, NULL, '2018-08-15 17:16:03', '2018-08-15 17:16:03'),
(253, NULL, NULL, '2018-08-16 04:50:40', '2018-08-16 04:50:40'),
(254, NULL, NULL, '2018-08-17 07:23:14', '2018-08-17 07:23:14'),
(255, NULL, NULL, '2018-08-17 07:35:45', '2018-08-17 07:35:45'),
(256, NULL, NULL, '2018-08-17 08:29:01', '2018-08-17 08:29:01'),
(257, NULL, NULL, '2018-08-17 09:00:36', '2018-08-17 09:00:36'),
(258, NULL, NULL, '2018-08-17 11:02:41', '2018-08-17 11:02:41'),
(259, NULL, NULL, '2018-08-20 04:36:10', '2018-08-20 04:36:10'),
(260, NULL, NULL, '2019-01-28 04:50:33', '2019-01-28 04:50:33'),
(261, NULL, NULL, '2019-01-28 05:01:32', '2019-01-28 05:01:32'),
(262, NULL, NULL, '2019-01-28 05:01:33', '2019-01-28 05:01:33'),
(263, NULL, NULL, '2019-01-28 05:16:29', '2019-01-28 05:16:29'),
(264, NULL, NULL, '2019-01-28 07:24:01', '2019-01-28 07:24:01'),
(265, NULL, NULL, '2019-02-09 02:19:07', '2019-02-09 02:19:07'),
(266, NULL, NULL, '2019-02-11 05:21:45', '2019-02-11 05:21:45'),
(267, NULL, NULL, '2019-02-11 05:23:03', '2019-02-11 05:23:03'),
(268, NULL, NULL, '2019-02-11 05:23:12', '2019-02-11 05:23:12'),
(269, NULL, NULL, '2019-03-02 05:06:07', '2019-03-02 05:06:07'),
(270, NULL, NULL, '2019-03-02 05:42:00', '2019-03-02 05:42:00'),
(271, NULL, NULL, '2019-03-02 08:51:02', '2019-03-02 08:51:02'),
(272, NULL, NULL, '2019-03-02 08:51:18', '2019-03-02 08:51:18'),
(273, NULL, NULL, '2019-03-02 15:08:32', '2019-03-02 15:08:32'),
(274, NULL, NULL, '2019-03-03 06:24:06', '2019-03-03 06:24:06'),
(275, NULL, NULL, '2019-03-03 06:28:54', '2019-03-03 06:28:54'),
(276, NULL, NULL, '2019-03-03 16:10:40', '2019-03-03 16:10:40'),
(277, NULL, NULL, '2019-03-04 06:31:22', '2019-03-04 06:31:22'),
(278, NULL, NULL, '2019-03-04 10:36:35', '2019-03-04 10:36:35'),
(279, NULL, NULL, '2019-03-22 08:08:46', '2019-03-22 08:08:46'),
(280, NULL, NULL, '2019-03-22 09:27:56', '2019-03-22 09:27:56'),
(281, NULL, NULL, '2019-03-22 12:11:41', '2019-03-22 12:11:41'),
(282, 9, '2019-03-24 16:36:14', '2019-03-22 12:57:14', '2019-03-24 16:36:14'),
(283, NULL, NULL, '2019-03-22 13:03:49', '2019-03-22 13:03:49'),
(284, NULL, NULL, '2019-03-22 13:04:59', '2019-03-22 13:04:59'),
(285, NULL, NULL, '2019-03-22 13:05:21', '2019-03-22 13:05:21'),
(286, NULL, NULL, '2019-03-22 13:05:42', '2019-03-22 13:05:42'),
(287, NULL, NULL, '2019-03-22 13:07:41', '2019-03-22 13:07:41'),
(288, NULL, NULL, '2019-03-22 13:08:03', '2019-03-22 13:08:03'),
(289, NULL, NULL, '2019-03-22 13:09:52', '2019-03-22 13:09:52'),
(290, NULL, NULL, '2019-03-22 13:09:58', '2019-03-22 13:09:58'),
(291, NULL, NULL, '2019-03-22 13:10:05', '2019-03-22 13:10:05'),
(292, NULL, NULL, '2019-03-22 14:53:10', '2019-03-22 14:53:10'),
(293, NULL, NULL, '2019-03-22 14:56:21', '2019-03-22 14:56:21'),
(294, NULL, NULL, '2019-03-22 14:57:42', '2019-03-22 14:57:42'),
(295, NULL, NULL, '2019-03-22 19:14:31', '2019-03-22 19:14:31'),
(296, NULL, NULL, '2019-03-23 09:24:54', '2019-03-23 09:24:54'),
(297, NULL, NULL, '2019-03-23 13:24:38', '2019-03-23 13:24:38'),
(298, NULL, NULL, '2019-03-23 17:17:11', '2019-03-23 17:17:11'),
(299, NULL, NULL, '2019-03-23 18:20:55', '2019-03-23 18:20:55'),
(300, NULL, NULL, '2019-03-24 09:04:38', '2019-03-24 09:04:38'),
(301, 9, '2019-04-13 14:35:12', '2019-03-24 16:36:15', '2019-04-13 14:35:12'),
(302, NULL, NULL, '2019-03-25 03:09:21', '2019-03-25 03:09:21'),
(303, NULL, NULL, '2019-04-04 07:41:19', '2019-04-04 07:41:19'),
(304, NULL, NULL, '2019-04-08 08:16:49', '2019-04-08 08:16:49'),
(305, NULL, NULL, '2019-04-09 07:51:15', '2019-04-09 07:51:15'),
(306, NULL, NULL, '2019-04-13 14:33:38', '2019-04-13 14:33:38'),
(307, 9, '2019-04-13 17:39:44', '2019-04-13 14:35:12', '2019-04-13 17:39:44'),
(308, 9, '2019-04-13 17:40:46', '2019-04-13 17:40:03', '2019-04-13 17:40:46'),
(309, 9, '2019-04-13 17:50:55', '2019-04-13 17:49:00', '2019-04-13 17:50:55'),
(310, 9, '2019-04-13 17:53:44', '2019-04-13 17:50:56', '2019-04-13 17:53:44'),
(311, 9, '2019-04-13 17:59:55', '2019-04-13 17:53:44', '2019-04-13 17:59:55'),
(312, 9, '2019-04-13 18:03:07', '2019-04-13 17:59:56', '2019-04-13 18:03:07'),
(313, 9, '2019-04-13 18:11:52', '2019-04-13 18:03:13', '2019-04-13 18:11:52'),
(314, 9, NULL, '2019-04-13 18:18:25', '2019-04-13 18:18:25'),
(315, 10, NULL, '2019-04-13 19:37:29', '2019-04-13 19:37:29'),
(316, 11, NULL, '2019-04-13 19:39:28', '2019-04-13 19:39:28'),
(317, 12, NULL, '2019-04-13 19:41:42', '2019-04-13 19:41:42'),
(318, 13, '2019-04-13 20:15:40', '2019-04-13 19:43:46', '2019-04-13 20:15:40'),
(319, 13, '2019-04-13 20:43:40', '2019-04-13 20:15:46', '2019-04-13 20:43:40'),
(320, 13, NULL, '2019-04-13 20:43:56', '2019-04-13 20:43:56'),
(321, NULL, NULL, '2019-04-14 07:04:08', '2019-04-14 07:04:08'),
(322, 14, '2019-04-15 08:57:54', '2019-04-15 06:19:11', '2019-04-15 08:57:54'),
(323, 15, '2019-04-15 08:13:05', '2019-04-15 08:11:17', '2019-04-15 08:13:05'),
(324, 15, NULL, '2019-04-15 08:13:11', '2019-04-15 08:13:11'),
(325, NULL, NULL, '2019-04-15 08:30:38', '2019-04-15 08:30:38'),
(326, 14, '2019-04-15 09:22:04', '2019-04-15 08:57:57', '2019-04-15 09:22:04'),
(327, 14, '2019-04-15 09:28:05', '2019-04-15 09:22:10', '2019-04-15 09:28:05'),
(328, NULL, NULL, '2019-04-15 09:25:55', '2019-04-15 09:25:55'),
(329, 14, NULL, '2019-04-15 09:28:09', '2019-04-15 09:28:09');

-- --------------------------------------------------------

--
-- Table structure for table `categories`
--

CREATE TABLE `categories` (
  `id` int(10) UNSIGNED NOT NULL,
  `parent` int(11) DEFAULT NULL,
  `name` varchar(191) COLLATE utf8mb4_unicode_ci NOT NULL,
  `created_at` timestamp NULL DEFAULT NULL,
  `updated_at` timestamp NULL DEFAULT NULL
) ENGINE=InnoDB DEFAULT CHARSET=utf8mb4 COLLATE=utf8mb4_unicode_ci;

--
-- Dumping data for table `categories`
--

INSERT INTO `categories` (`id`, `parent`, `name`, `created_at`, `updated_at`) VALUES
(1, NULL, 'phones', '2018-04-13 21:00:00', '2018-04-13 21:00:00'),
(2, NULL, 'Computers', '2018-04-15 21:00:00', '2018-04-15 21:00:00'),
(3, NULL, 'Accessories', '2018-04-15 21:00:00', '2018-04-15 21:00:00'),
(4, NULL, 'TVs', '2018-04-18 21:00:00', '2018-04-18 21:00:00');

-- --------------------------------------------------------

--
-- Table structure for table `migrations`
--

CREATE TABLE `migrations` (
  `id` int(10) UNSIGNED NOT NULL,
  `migration` varchar(191) COLLATE utf8mb4_unicode_ci NOT NULL,
  `batch` int(11) NOT NULL
) ENGINE=InnoDB DEFAULT CHARSET=utf8mb4 COLLATE=utf8mb4_unicode_ci;

--
-- Dumping data for table `migrations`
--

INSERT INTO `migrations` (`id`, `migration`, `batch`) VALUES
(1, '2014_10_12_100000_create_password_resets_table', 1),
(2, '2018_04_01_182428_create_categories_table', 1),
(3, '2018_04_02_152949_create_products_table', 1),
(4, '2014_10_12_000000_create_users_table', 1),
(5, '2018_04_04_094855_create_carts_table', 1),
(6, '2017_06_17_162120_create_posts_table', 1),
(7, '2018_04_05_161220_create_orders_table', 1),
(8, '2018_04_06_191648_create_cartitems_table', 1),
(9, '2018_04_07_145100_create_orderitems_table', 1),
(10, '2018_04_10_153623_create_sessions_table', 1),
(11, '2018_04_14_160137_create_roles_table', 1),
(13, '2018_04_18_114655_create_reviews_table', 2),
(14, '2016_06_01_000001_create_oauth_auth_codes_table', 3),
(15, '2016_06_01_000002_create_oauth_access_tokens_table', 3),
(16, '2016_06_01_000003_create_oauth_refresh_tokens_table', 3),
(17, '2016_06_01_000004_create_oauth_clients_table', 3),
(18, '2016_06_01_000005_create_oauth_personal_access_clients_table', 3),
(19, '2017_06_30_120120_create_social_accounts_table', 4),
(20, '2019_04_04_153702_create_addresses_table', 5),
(22, '2019_04_13_174227_add_address_to_orders', 6);

-- --------------------------------------------------------

--
-- Table structure for table `oauth_access_tokens`
--

CREATE TABLE `oauth_access_tokens` (
  `id` varchar(100) COLLATE utf8mb4_unicode_ci NOT NULL,
  `user_id` int(11) DEFAULT NULL,
  `client_id` int(11) NOT NULL,
  `name` varchar(191) COLLATE utf8mb4_unicode_ci DEFAULT NULL,
  `scopes` text COLLATE utf8mb4_unicode_ci,
  `revoked` tinyint(1) NOT NULL,
  `created_at` timestamp NULL DEFAULT NULL,
  `updated_at` timestamp NULL DEFAULT NULL,
  `expires_at` datetime DEFAULT NULL
) ENGINE=InnoDB DEFAULT CHARSET=utf8mb4 COLLATE=utf8mb4_unicode_ci;

--
-- Dumping data for table `oauth_access_tokens`
--

INSERT INTO `oauth_access_tokens` (`id`, `user_id`, `client_id`, `name`, `scopes`, `revoked`, `created_at`, `updated_at`, `expires_at`) VALUES
('0136cb71f8fb00076c7d148f85c76bbc2d2eeb677a32c7995d1095e71ac72b0691c7fe0b063f71e6', 10, 4, NULL, '["*"]', 0, '2019-04-13 19:36:03', '2019-04-13 19:36:03', '2019-04-28 22:36:03'),
('013e19ca2c8e164a56f4283748d2559358af19ace470a41db15c6b7dfef56488ecbbfe5796065c75', 9, 4, NULL, '["*"]', 0, '2019-03-22 21:24:31', '2019-03-22 21:24:31', '2019-04-07 00:24:31'),
('016092d944c23b68e5664ddf58d088f18728d6a80c35a203a37edad1f0a7c352d5edb3f8927a6c25', 14, 4, NULL, '["*"]', 0, '2019-04-15 06:21:00', '2019-04-15 06:21:00', '2019-04-30 09:21:00'),
('06bfbaaca591e67e349a00ec08ee01a756b90f77096abfa9d463c68c2eadbe84e676eaf3e3e89060', 9, 4, NULL, '["*"]', 0, '2019-03-23 07:01:37', '2019-03-23 07:01:37', '2019-04-07 10:01:37'),
('090524e5e5109e07f22f1502942633c83810db429e21a5b2a4f4f8f7aaf0dc3cff8bfccf01c12375', 14, 4, NULL, '["*"]', 0, '2019-04-15 08:33:45', '2019-04-15 08:33:45', '2019-04-30 11:33:44'),
('09938f92cb8c88f941a02ef3e8505350e635b1e41d0179a47d168963f5b84223aa8f1264c50e8ca1', 9, 4, NULL, '["*"]', 0, '2019-03-23 07:12:56', '2019-03-23 07:12:56', '2019-04-07 10:12:56'),
('0beaf6d892070c757475d43906892c5edb0ae471f9e6e90c47f984be3bde11d0f8db25b732106ac5', 9, 4, NULL, '["*"]', 0, '2019-03-23 09:21:38', '2019-03-23 09:21:38', '2019-04-07 12:21:38'),
('0d4ee51d88cd7f86ebdd3adf4794b4853cae68a16985d9a185e1a0d9007611aec2ad72bae19eed2c', 9, 4, NULL, '["*"]', 0, '2019-03-23 07:02:15', '2019-03-23 07:02:15', '2019-04-07 10:02:15'),
('0debaacd1115306478b1ba72cddcb409bd1f53a40b041d8c4c809b804dd4e6e14b57d5edec695cec', 9, 4, NULL, '["*"]', 0, '2019-03-22 21:17:04', '2019-03-22 21:17:04', '2019-04-07 00:17:04'),
('1177d16590922ff8d7e55fe6b963182c6b8b52a69db1986ad221af3b7237f35ec3b28ae9bd2161e7', 9, 4, NULL, '["*"]', 0, '2019-03-22 21:18:12', '2019-03-22 21:18:12', '2019-04-07 00:18:12'),
('130cd402274db3d6cf24822205fc87f754f44ac6659566edd348dec7d9fa796124e9501e7007118e', 9, 4, NULL, '["*"]', 0, '2019-03-22 17:38:56', '2019-03-22 17:38:56', '2019-04-06 20:38:56'),
('191559ef4bb4333fe8c22bbaaa2cb6af2cc6fc74d6a79bc23bbe513b44ecb3d70f525c902acb3f9d', 9, 4, NULL, '["*"]', 0, '2019-04-05 07:16:27', '2019-04-05 07:16:27', '2019-04-20 10:16:27'),
('196cd3adf4230218401b6adc96a97a5a2bfef60788b986c180797ebf381f1ee68a7d71f07f932ba5', 9, 4, NULL, '["*"]', 0, '2019-04-07 04:04:16', '2019-04-07 04:04:16', '2019-04-22 07:04:16'),
('1ecfca9b99754066392f91eb38b0f6686890e5f0b0ce3f79164aa0b5bac60b4bc4c13847e07b2f5c', 14, 4, NULL, '["*"]', 0, '2019-04-15 06:36:06', '2019-04-15 06:36:06', '2019-04-30 09:36:06'),
('210d20bc6538e14437ae77f27040d34d0cd8b8b3d0b8a95ad344b7e5127e6e951ddd108a73356a2f', 9, 4, NULL, '["*"]', 0, '2019-03-23 09:33:51', '2019-03-23 09:33:51', '2019-04-07 12:33:51'),
('21501f14475232d64e904a10598496b228e0180b07ffd126cf70ba28ac881d86f896a7797c6e2411', 14, 4, NULL, '["*"]', 0, '2019-04-15 08:32:09', '2019-04-15 08:32:09', '2019-04-30 11:32:09'),
('22a015a2130aa04b152409fda1c42ade7c625c10afe1cca790697e41ca17ce937303714c4cebde44', 14, 4, NULL, '["*"]', 0, '2019-04-15 06:19:09', '2019-04-15 06:19:09', '2019-04-30 09:19:09'),
('230c0a0e61763d6abd997c6ce20a6a8037515864e16184139640ecd7acb137fa609dc6ddf9b9a1af', NULL, 4, NULL, '[]', 0, '2019-03-22 12:31:27', '2019-03-22 12:31:27', '2019-03-22 15:32:27'),
('298d8c570ad5f83ae436bced254d4f42e27aa107dbf4c3a68b1128d312eb1508a0cbdac44da725d6', 14, 4, NULL, '["*"]', 0, '2019-04-15 06:29:25', '2019-04-15 06:29:25', '2019-04-30 09:29:25'),
('2a08eb8e4448de6fd281e59362c4d935fe4480029646227038184d6ff80967289a84d5656714147e', 9, 4, NULL, '["*"]', 0, '2019-04-03 04:55:25', '2019-04-03 04:55:25', '2019-04-18 07:55:25'),
('2b3dde55359b113100cf6342d7a49a6fb7777b8e727ce4d0a1f04465e896a6ea994eb2cd1c931d5f', 9, 4, NULL, '["*"]', 0, '2019-03-22 20:23:15', '2019-03-22 20:23:15', '2019-04-06 23:23:15'),
('2bfffe65e798290fccdebc6221699ba83959038771aaa02738a67555b066f6f960dc9fe4ce2a39fb', 9, 4, NULL, '["*"]', 0, '2019-03-23 07:55:04', '2019-03-23 07:55:04', '2019-04-07 10:55:04'),
('307ac507b127fb2f5697099dd03feb9feb2ea72ac90b5d65ed155ac1726f1ab3ba84277f2cb848be', 9, 4, NULL, '["*"]', 0, '2019-03-22 12:55:26', '2019-03-22 12:55:26', '2019-03-22 15:56:26'),
('3304ef2ee2d368cad093ec99b7cddfeea5ea727b53b997afd236771a1e20a02fe07402eb7c41fabb', 9, 4, NULL, '["*"]', 0, '2019-03-22 21:41:50', '2019-03-22 21:41:50', '2019-04-07 00:41:50'),
('36bf752ac3d81884aac20a3168226e8fe732451f676fb92c33a43b8ba4a19cf04191df26c3776fe0', 9, 4, NULL, '["*"]', 0, '2019-03-22 17:42:44', '2019-03-22 17:42:44', '2019-04-06 20:42:44'),
('3d198350173ab4b19e556fb5ebc2b03562363da9065b6eeb597eab9c57a69bfe9358647d0f0036fd', 9, 4, NULL, '["*"]', 0, '2019-03-23 07:17:22', '2019-03-23 07:17:22', '2019-04-07 10:17:22'),
('3e77a95817f7019b857099dc4711a2e025f1657f17063c7c572780af124f252fe0962c1451779184', 11, 4, NULL, '["*"]', 0, '2019-04-13 19:39:25', '2019-04-13 19:39:25', '2019-04-28 22:39:25'),
('3e937741d82f003e5a27078b1746fd0f1eeaa1c9fbd27bf1faf2cacdc3f6e2a3b27aff7538fa3035', 14, 4, NULL, '["*"]', 0, '2019-04-15 09:20:45', '2019-04-15 09:20:45', '2019-04-30 12:20:45'),
('3f4f5bec4213ebcbad7e0db8ff9948cf3620d87945035dd2ba318a658658c7ea61ed8e399ced79d8', 14, 4, NULL, '["*"]', 0, '2019-04-15 06:23:25', '2019-04-15 06:23:25', '2019-04-30 09:23:25'),
('3f99e06c8aa991966dc064e57779967e7ac5d0e6f573d266b98cc0e3952a745666cf3f088060e5ea', 9, 4, NULL, '["*"]', 0, '2019-04-01 05:47:36', '2019-04-01 05:47:36', '2019-04-16 08:47:36'),
('45aa3f3a2237c66ad0b770cc1b8a400a905765649d4ab2a11ca1761e11da6d948bc98e864281dab4', 9, 4, NULL, '["*"]', 0, '2019-03-22 12:44:54', '2019-03-22 12:44:54', '2019-03-22 15:45:54'),
('45ee397cc2451ed5fb6549a11b5931faf2474d6c27fe53417a540b4a2459b6d05cbdb04a4807abf7', 9, 4, NULL, '["*"]', 0, '2019-03-23 08:23:48', '2019-03-23 08:23:48', '2019-04-07 11:23:48'),
('4bf71c651a5c23e83b537f23287d28d8f2d8335cb9be8770cdd0fc0ab6992cce436cf2ea5f5f7e91', 9, 4, NULL, '["*"]', 0, '2019-03-23 07:20:14', '2019-03-23 07:20:14', '2019-04-07 10:20:14'),
('4e6173dc031261476a351b3615fd83150e4cf6271dc0ffe13bc15e0f70f41580951cd1014701407a', 9, 4, NULL, '["*"]', 0, '2019-03-24 13:01:13', '2019-03-24 13:01:13', '2019-04-08 16:01:13'),
('4e6fa4c751272f315f5ffc5b33e958947940a07bd2d5f4c02428dad16842e9cd0739ed960a2a574e', 9, 4, NULL, '["*"]', 0, '2019-03-23 07:00:21', '2019-03-23 07:00:21', '2019-04-07 10:00:21'),
('56843b0735feadfb9e87b24ef24586e90153a9258fce8117d5a722834274b5c39e0f6f38ea35a1ca', 9, 4, NULL, '["*"]', 0, '2019-03-23 07:07:41', '2019-03-23 07:07:41', '2019-04-07 10:07:41'),
('56ef28bce3774a1beedf968eb999c6e9751aebd3d198a9490b94358cff278de8d6125662e70d4706', 9, 4, NULL, '["*"]', 0, '2019-03-23 07:37:20', '2019-03-23 07:37:20', '2019-04-07 10:37:20'),
('5ad637e7204c53dcde93c7a1c16be84e204370d39820264903e307f6c7ccc69f5c89dd7d8d063ce0', 9, 4, NULL, '["*"]', 0, '2019-03-22 21:24:18', '2019-03-22 21:24:18', '2019-04-07 00:24:18'),
('5e0931fe4620eded775c4023f4c9ec0112c145d7e40bc1634f3bd715f1b8503f16d14b0d8fec7f2b', 9, 4, NULL, '["*"]', 0, '2019-03-22 21:21:49', '2019-03-22 21:21:49', '2019-04-07 00:21:49'),
('5fb1e48244b9331eb0ffa19b91486f320e012e0103133c8bc56f47ec9c31e5a95c392a9e614952cb', 1, 4, NULL, '["*"]', 0, '2019-04-05 07:26:20', '2019-04-05 07:26:20', '2019-04-20 10:26:20'),
('60f1b14bc93a1f98ac4266dfe265dc1cad1dcc9fbddc498ab88282dcf4f1287c5102fdd2d549f0bc', 9, 4, NULL, '["*"]', 0, '2019-03-22 21:22:05', '2019-03-22 21:22:05', '2019-04-07 00:22:05'),
('6116bed6f02d0fbfb0ceb8ad089b993f9627746181a87df0771d063acb0794c1f234d108481b7580', 9, 4, NULL, '["*"]', 0, '2019-03-22 15:35:03', '2019-03-22 15:35:03', '2019-03-22 18:36:03'),
('612b16e788329ecbf9cc159271eb9b618e07b324c7f106b3fa00eae8476b57c1a204e529284da540', NULL, 4, NULL, '[]', 0, '2019-03-22 12:32:55', '2019-03-22 12:32:55', '2019-03-22 15:33:55'),
('6252397618faafd4d6cb24d16a01389a8d6fe4101c14361aa9f2a473ba39821f090627ab9fa89c10', 9, 4, NULL, '["*"]', 0, '2019-03-22 21:16:43', '2019-03-22 21:16:43', '2019-04-07 00:16:43'),
('63c112c6352bed23bcc6b12777c45fc96537388c7db04b4bc147d6eb7c26a520100b60565bff3c59', 9, 4, NULL, '["*"]', 0, '2019-03-22 17:47:41', '2019-03-22 17:47:41', '2019-04-06 20:47:41'),
('6eeafef0f928f109c758e4a9adbd9b20bf229a925ef8e0b4a3fa24e98ec1cf0023c0f983776a9ff5', 9, 4, NULL, '["*"]', 0, '2019-03-23 06:57:56', '2019-03-23 06:57:56', '2019-04-07 09:57:56'),
('704697b2a8d2cc75be0550e4318e76d7e2d719f8e3a40236f013c5780e2331eca8563c73e57dab00', 12, 4, NULL, '["*"]', 0, '2019-04-13 19:39:56', '2019-04-13 19:39:56', '2019-04-28 22:39:55'),
('70a307dedb9e3ff80108e136b5ccb93b5983b6c32bfd955dc69f8368d3dcceb669fab1bbd2e8ae6b', 9, 4, NULL, '["*"]', 0, '2019-03-23 17:19:04', '2019-03-23 17:19:04', '2019-04-07 20:19:04'),
('731624bbb23d603255b3127064fe9883c8037f928de5c9397b85345ead867ba2a3cd5dbf869c034a', 9, 4, NULL, '["*"]', 0, '2019-03-22 15:22:49', '2019-03-22 15:22:49', '2019-03-22 18:23:49'),
('836b5878b962209afadd514e6cbdd8ec5309c12846a6f4ff48b3a20a42b5d2e5844b997eaa7f8186', 9, 4, NULL, '["*"]', 0, '2019-03-22 21:18:26', '2019-03-22 21:18:26', '2019-04-07 00:18:26'),
('850fe0790d4140405c67a3cc258293b2fdc37bd1f8854d76c0b369ccf5532e24c38536a76dfb2f7d', 9, 4, NULL, '["*"]', 0, '2019-03-22 17:41:33', '2019-03-22 17:41:33', '2019-04-06 20:41:33'),
('851f2c02fafe96cdde60fbca8f270b5b6334461b52f05bae4411ad356b5e17229ba8b87d0a57c882', 9, 4, NULL, '["*"]', 0, '2019-03-22 21:42:54', '2019-03-22 21:42:54', '2019-04-07 00:42:54'),
('8845c95a5130814c0e9079e926a3d65e15959e0dc23d1ff1533abce6e6ac05c5479a470a07c404c4', NULL, 4, NULL, '[]', 0, '2019-03-22 12:31:28', '2019-03-22 12:31:28', '2019-03-22 15:32:28'),
('8ba4bf030c6981ead78c0ea79def9ceb8f1184b485f2b7f6c4b6960c7cecacf2881bf030a50a75de', 9, 4, NULL, '["*"]', 0, '2019-03-22 12:43:44', '2019-03-22 12:43:44', '2019-03-22 15:44:44'),
('9236e03d375023235b5be42499d2a7eaec4ffe010d63b06136457785bdc8e274872456dfdafa1787', 9, 4, NULL, '["*"]', 0, '2019-03-23 06:58:25', '2019-03-23 06:58:25', '2019-04-07 09:58:25'),
('92d75ee902022da38b0ea7a062f735adf682da6bc915b9a9536002c4a34e595b380b86c43d787e22', 9, 4, NULL, '["*"]', 0, '2019-03-22 21:42:39', '2019-03-22 21:42:39', '2019-04-07 00:42:39'),
('93e4e6c101ce5f67190c8497f3186e4451e5db9c5da04708ca15ad9b79642003557f9a9e695e8ed3', 9, 4, NULL, '["*"]', 0, '2019-03-22 17:39:54', '2019-03-22 17:39:54', '2019-04-06 20:39:54'),
('94e8129286eea0bb305176e9de414efaf074b573a76357e28e53524176788d69c986182de85f0c59', 9, 4, NULL, '["*"]', 0, '2019-03-22 15:14:19', '2019-03-22 15:14:19', '2019-03-22 18:15:19'),
('99565724a7ff46c4580d93be52c7fdcb482d64ecd021366a31a64d3eb23cf6f66abc996eaa0ff15b', 14, 4, NULL, '["*"]', 0, '2019-04-15 06:59:20', '2019-04-15 06:59:20', '2019-04-30 09:59:20'),
('99fdacba46133864b92c44c5131f2834c4ab058a2b175df85591d902ee2fc7e6138ab11665a6e689', 10, 4, NULL, '["*"]', 0, '2019-04-13 19:38:06', '2019-04-13 19:38:06', '2019-04-28 22:38:06'),
('9b9bbbec7bc0648306dacb00ccb4c3700cecf2c6e5f093d133048f00442f15799d6ebc420c121788', 9, 4, NULL, '["*"]', 0, '2019-03-23 06:57:36', '2019-03-23 06:57:36', '2019-04-07 09:57:36'),
('9c720fadc07b687019bf705b34ceed304e1457b32df4721f24de5e9889428fc9c8b0da0d544cdf9b', 15, 4, NULL, '["*"]', 0, '2019-04-15 08:11:16', '2019-04-15 08:11:16', '2019-04-30 11:11:16'),
('9e352760da2a3cb32f9e38ca76588ff9afb53722961fab6a4db26b65eef58ed26264044d40a88e66', 9, 4, NULL, '["*"]', 0, '2019-03-22 18:17:45', '2019-03-22 18:17:45', '2019-04-06 21:17:45'),
('a1c132483b3e9efabcf2fc3c24f3488b070a66e17c6de6125ae7e2834bb24396ed6875e058867293', 9, 4, NULL, '["*"]', 0, '2019-03-23 07:08:19', '2019-03-23 07:08:19', '2019-04-07 10:08:19'),
('a6fcb0939a48ce65f1df9cf0ee10321383bc56465f175d86529b9321890345bd72460dc112022a73', 9, 4, NULL, '["*"]', 0, '2019-03-23 07:27:50', '2019-03-23 07:27:50', '2019-04-07 10:27:50'),
('a87f295a316dba05fcc519662b42b88af87e216b4fb63087ba2344447f9e1eb868c9eb2613d14440', 9, 4, NULL, '["*"]', 0, '2019-04-08 06:37:35', '2019-04-08 06:37:35', '2019-04-23 09:37:34'),
('aa76d8b4b9e38338e029e19f0ca4fd4d2280a20b0a7050917986a4e79f18a8d3baf44bfeed48e162', 9, 4, NULL, '["*"]', 0, '2019-03-22 21:32:41', '2019-03-22 21:32:41', '2019-04-07 00:32:41'),
('ac7f8192e3d82ea73c914b62d223cdafa66d5488e2bee4b7032e50e065029e8b07a23d854e6d3c9a', 9, 4, NULL, '["*"]', 0, '2019-04-13 15:33:12', '2019-04-13 15:33:12', '2019-04-28 18:33:12'),
('b8ec2f96699f5dd93bc9a1ed8e56aa229acf1eafd5da0e92ab3cb0257439ec4ed304eda697f8477a', NULL, 4, NULL, '[]', 0, '2019-03-22 12:32:58', '2019-03-22 12:32:58', '2019-03-22 15:33:58'),
('b9b2d8540b4356f2c16488588f8e636f48c68dab17667d091873633ab20f8c77a59f92f3bb7fbc0e', 14, 4, NULL, '["*"]', 0, '2019-04-15 06:27:52', '2019-04-15 06:27:52', '2019-04-30 09:27:52'),
('ba40a0908b0e7276e84804d8ecb45437988669a17d394637f81e68402e9eec4ccd865d50124f881a', 9, 4, NULL, '["*"]', 0, '2019-04-03 04:56:32', '2019-04-03 04:56:32', '2019-04-18 07:56:32'),
('bb55aa6d94bb064d14baf945cd198023f9f8e7d55f9f4bb1a906e0fafc5feea025c9df0d28df2c7b', 9, 4, NULL, '["*"]', 0, '2019-03-23 07:27:23', '2019-03-23 07:27:23', '2019-04-07 10:27:23'),
('be7072a663bfcc954a7c224204318a6763cb270182b60271b69484eec75b65568e6c447b296e1c35', 9, 4, NULL, '["*"]', 0, '2019-03-22 21:27:31', '2019-03-22 21:27:31', '2019-04-07 00:27:31'),
('bee22fc685b76d490657ae6ef1eb754584dac49fbcd3ef04e5638354e12184752bcb3129ef438698', 9, 4, NULL, '["*"]', 0, '2019-03-22 15:21:27', '2019-03-22 15:21:27', '2019-03-22 18:22:26'),
('c45c255801605b808978340b5c20b58afbf1a8fd7ef6c1de85969c3deaf8a29e7aeeb753497afb09', 9, 4, NULL, '["*"]', 0, '2019-03-22 18:12:55', '2019-03-22 18:12:55', '2019-04-06 21:12:55'),
('c4bc78519abbaa1cb71f8714587b65ae46dad665f1331b8312b06899c356242a35e5f658e7829c4d', 9, 4, NULL, '["*"]', 0, '2019-03-23 09:35:53', '2019-03-23 09:35:53', '2019-04-07 12:35:53'),
('c7bcb7871c763712c634baba85b5e9bc947bff665db11878e74a8cdd2659f621c788c18815700356', NULL, 4, NULL, '[]', 0, '2019-03-22 12:32:59', '2019-03-22 12:32:59', '2019-03-22 15:33:59'),
('cadb257a2e490d6ba13432da8c1ab757efdcf3f405aa5b42247e9fc0c7f7896e07ad7426cadbd8c8', 9, 4, NULL, '["*"]', 0, '2019-03-23 06:48:13', '2019-03-23 06:48:13', '2019-04-07 09:48:13'),
('cb75879fb1ae644fabf63765314b60dc4154dfa12ba9f01b170a24ff06c3e66ac0a3b6fb1c8b9ca2', 9, 4, NULL, '["*"]', 0, '2019-03-22 12:54:15', '2019-03-22 12:54:15', '2019-03-22 15:55:15'),
('cc009a2c1f03fcc0f958492376b47d9ba52d285d5e211f6aa1d145f421735de7707f377ed75613d4', 1, 4, NULL, '["*"]', 0, '2019-04-04 08:34:06', '2019-04-04 08:34:06', '2019-04-19 11:34:06'),
('cc58febef5f18af4902c7f7041a80e933bdbad4217e424522b814b2279bed55b3fdf29bc1a84d736', 9, 4, NULL, '["*"]', 0, '2019-03-23 09:31:37', '2019-03-23 09:31:37', '2019-04-07 12:31:37'),
('d13b09cb2cd264295482ff810de6cf6aded2452017f5b03b3cf4490b5dc5d84c1a904cacc1768fa1', 9, 4, NULL, '["*"]', 0, '2019-04-15 09:10:44', '2019-04-15 09:10:44', '2019-04-30 12:10:44'),
('d31c7904250c90d991dc3e7195b733e2e8d7e09ee8a27d1247e129d54b9ed9f8e6d86c5b9d2b3f0e', 9, 4, NULL, '["*"]', 0, '2019-03-22 18:15:58', '2019-03-22 18:15:58', '2019-04-06 21:15:58'),
('d4c03e1c17e8404372abb0a9b52dca48e035d28a06e8e5e2bd2b2fef1b5f2ec584ee505558cc47d5', 9, 4, NULL, '["*"]', 0, '2019-03-23 09:20:06', '2019-03-23 09:20:06', '2019-04-07 12:20:06'),
('d586f20a84412b090e0933e8b440c419ce65c3ea07f273086e3d134e512151f248f9c92bcc8e4ecb', 9, 4, NULL, '["*"]', 0, '2019-03-23 07:05:48', '2019-03-23 07:05:48', '2019-04-07 10:05:48'),
('d9a60a29903c52e0a19a6459b66ca27aa79525e357c5fed41dbdd5d42674867bd35109b24067a581', 9, 4, NULL, '["*"]', 0, '2019-03-23 07:20:52', '2019-03-23 07:20:52', '2019-04-07 10:20:52'),
('dc390abfaf7a3e990db487259f6adbaa83f8a0d2ebca440d2e4a6df0f9b18c4a1e2636b369eb294c', 9, 4, NULL, '["*"]', 0, '2019-03-22 17:31:02', '2019-03-22 17:31:02', '2019-03-22 20:32:02'),
('e0c19441be7dcd3d38ee947787fbe5c99751e58579ebe68a7e572102730e1bbf74079a9fa4d2f7a5', 9, 4, NULL, '["*"]', 0, '2019-03-23 07:19:41', '2019-03-23 07:19:41', '2019-04-07 10:19:41'),
('e29817c7ed44fa1cd6aa28a3f11c7d6c9b8320f1df97dffd97f4e5c653ab6937f2ce59c822c98bae', 9, 4, NULL, '["*"]', 0, '2019-03-31 05:54:19', '2019-03-31 05:54:19', '2019-04-15 08:54:19'),
('e3bfc13f6aec5d51c0c4248e2db5357cc798c11937a107055889fe9989d2f90e5639a34ad9cb48d1', 9, 4, NULL, '["*"]', 0, '2019-03-22 12:48:20', '2019-03-22 12:48:20', '2019-03-22 15:49:20'),
('e5c44bbc11f3ac3ed42cc1120b8f7a59a21f181740b927f8f2f8e9cc0bb830689cdd99df571ddcde', 9, 4, NULL, '["*"]', 0, '2019-03-22 17:15:13', '2019-03-22 17:15:13', '2019-03-22 20:16:13'),
('e6c99694da0265ae39ec04c75dc2fad604a49a66e7bd4b1dd1816f867de5248fb7b5b7c1d4ad9ea6', 9, 4, NULL, '["*"]', 0, '2019-03-22 12:33:24', '2019-03-22 12:33:24', '2019-03-22 15:34:24'),
('e6e6da2c08a26d7e5c4fbc2082cb011f43cd2efefef7366d9da84d500b2bac87b36b77c0f9ef6ac3', 9, 4, NULL, '["*"]', 0, '2019-03-23 08:50:00', '2019-03-23 08:50:00', '2019-04-07 11:50:00'),
('e71b445b66d8580bb3637680d551c08bf6a64a1cf5dd801b7b39475c34a620c326188f1e3df89209', 9, 4, NULL, '["*"]', 0, '2019-03-23 09:42:43', '2019-03-23 09:42:43', '2019-04-07 12:42:43'),
('e795ad9a2afddef2a7374f75e6b86089f16a81ea048e00d8603ed27bcfb47ec84e83f8600d7d145a', 13, 4, NULL, '["*"]', 0, '2019-04-13 19:43:06', '2019-04-13 19:43:06', '2019-04-28 22:43:06'),
('f47530e1f05764f2700219a204a8432dbacc728b995f335a3eba017b1fc52807feefc41dcfc33579', NULL, 4, NULL, '[]', 0, '2019-03-22 12:31:16', '2019-03-22 12:31:16', '2019-03-22 15:32:16'),
('f4df7a6ab7da4f7d4683656bbcacb6b5f345d13d784c3570624e71c61dfc2d8f7eead45df6e4481a', 9, 4, NULL, '["*"]', 0, '2019-03-22 21:32:56', '2019-03-22 21:32:56', '2019-04-07 00:32:56'),
('fa25b33ef9d53786fa3bf389f93d45dcdd144e498f3824eedd4ba72ec4d68d6c9d13330b00c6409f', 9, 4, NULL, '["*"]', 0, '2019-03-22 20:35:15', '2019-03-22 20:35:15', '2019-04-06 23:35:15'),
('fb4a44aa0d8e59a9c8f24ef5ab10ffa7618bd4d1674b9c3488d75170b37439c6a917d9506f69d320', 14, 4, NULL, '["*"]', 0, '2019-04-15 07:30:34', '2019-04-15 07:30:34', '2019-04-30 10:30:34');

-- --------------------------------------------------------

--
-- Table structure for table `oauth_auth_codes`
--

CREATE TABLE `oauth_auth_codes` (
  `id` varchar(100) COLLATE utf8mb4_unicode_ci NOT NULL,
  `user_id` int(11) NOT NULL,
  `client_id` int(11) NOT NULL,
  `scopes` text COLLATE utf8mb4_unicode_ci,
  `revoked` tinyint(1) NOT NULL,
  `expires_at` datetime DEFAULT NULL
) ENGINE=InnoDB DEFAULT CHARSET=utf8mb4 COLLATE=utf8mb4_unicode_ci;

-- --------------------------------------------------------

--
-- Table structure for table `oauth_clients`
--

CREATE TABLE `oauth_clients` (
  `id` int(10) UNSIGNED NOT NULL,
  `user_id` int(11) DEFAULT NULL,
  `name` varchar(191) COLLATE utf8mb4_unicode_ci NOT NULL,
  `secret` varchar(100) COLLATE utf8mb4_unicode_ci NOT NULL,
  `redirect` text COLLATE utf8mb4_unicode_ci NOT NULL,
  `personal_access_client` tinyint(1) NOT NULL,
  `password_client` tinyint(1) NOT NULL,
  `revoked` tinyint(1) NOT NULL,
  `created_at` timestamp NULL DEFAULT NULL,
  `updated_at` timestamp NULL DEFAULT NULL
) ENGINE=InnoDB DEFAULT CHARSET=utf8mb4 COLLATE=utf8mb4_unicode_ci;

--
-- Dumping data for table `oauth_clients`
--

INSERT INTO `oauth_clients` (`id`, `user_id`, `name`, `secret`, `redirect`, `personal_access_client`, `password_client`, `revoked`, `created_at`, `updated_at`) VALUES
(1, NULL, 'HZ-Electronics Personal Access Client', 'gcMvpis33uYYtLegnBpSdERuf68tfIIg8pYCbo9W', 'http://localhost', 1, 0, 0, '2019-03-20 05:16:23', '2019-03-20 05:16:23'),
(2, NULL, 'HZ-Electronics Password Grant Client', 'wHH1sfwmHHajuWxmh8xFKZFvfrPoItyIEaW6WyJO', 'http://localhost', 0, 1, 0, '2019-03-20 05:16:23', '2019-03-20 05:16:23'),
(3, NULL, 'HZ-Electronics Password Grant Client', 'eFNqjjiOs9EQYTpAyFAhlMd4wWJpBjK4QZrrZ3VK', 'http://localhost', 0, 1, 0, '2019-03-22 08:59:39', '2019-03-22 08:59:39'),
(4, NULL, 'Laravel Password Grant Client', 'mrXjxQNaRDCUhqKWSVBsO4R1EGkDKPBL2Pti2bzr', 'http://localhost', 0, 1, 0, '2019-03-22 12:14:53', '2019-03-22 12:14:53');

-- --------------------------------------------------------

--
-- Table structure for table `oauth_personal_access_clients`
--

CREATE TABLE `oauth_personal_access_clients` (
  `id` int(10) UNSIGNED NOT NULL,
  `client_id` int(11) NOT NULL,
  `created_at` timestamp NULL DEFAULT NULL,
  `updated_at` timestamp NULL DEFAULT NULL
) ENGINE=InnoDB DEFAULT CHARSET=utf8mb4 COLLATE=utf8mb4_unicode_ci;

--
-- Dumping data for table `oauth_personal_access_clients`
--

INSERT INTO `oauth_personal_access_clients` (`id`, `client_id`, `created_at`, `updated_at`) VALUES
(1, 1, '2019-03-20 05:16:23', '2019-03-20 05:16:23');

-- --------------------------------------------------------

--
-- Table structure for table `oauth_refresh_tokens`
--

CREATE TABLE `oauth_refresh_tokens` (
  `id` varchar(100) COLLATE utf8mb4_unicode_ci NOT NULL,
  `access_token_id` varchar(100) COLLATE utf8mb4_unicode_ci NOT NULL,
  `revoked` tinyint(1) NOT NULL,
  `expires_at` datetime DEFAULT NULL
) ENGINE=InnoDB DEFAULT CHARSET=utf8mb4 COLLATE=utf8mb4_unicode_ci;

--
-- Dumping data for table `oauth_refresh_tokens`
--

INSERT INTO `oauth_refresh_tokens` (`id`, `access_token_id`, `revoked`, `expires_at`) VALUES
('0118211639b331b85eb4850a168df7e3431828266ecb88a1d508a09562ddd52ad4e0b0978a4aef1a', '56843b0735feadfb9e87b24ef24586e90153a9258fce8117d5a722834274b5c39e0f6f38ea35a1ca', 0, '2019-04-22 10:07:41'),
('02983f2ed7be61415225cc9f964468b61f2a2ce492851d67170b6bb2a3f9e0ac1b3269794af89391', 'e5c44bbc11f3ac3ed42cc1120b8f7a59a21f181740b927f8f2f8e9cc0bb830689cdd99df571ddcde', 0, '2019-04-21 20:15:13'),
('0326cef9578088b056a038a0bcfa08b82453706166e0b85aff6073578e7029c46254615a3cbe1cff', '9236e03d375023235b5be42499d2a7eaec4ffe010d63b06136457785bdc8e274872456dfdafa1787', 0, '2019-04-22 09:58:25'),
('0b4c500f75a2bd477f9797731eb2e1781678bb365b6db475cc8adb511fec4771b503920143a9c9c3', 'aa76d8b4b9e38338e029e19f0ca4fd4d2280a20b0a7050917986a4e79f18a8d3baf44bfeed48e162', 0, '2019-04-22 00:32:41'),
('0bb9befa80e0804af1ce5d164cf253136ae06ec1a999359a6300d1e1066039e3406b7fbe384cf7cf', '3f4f5bec4213ebcbad7e0db8ff9948cf3620d87945035dd2ba318a658658c7ea61ed8e399ced79d8', 0, '2019-05-15 09:23:25'),
('11ae0d6d584e55d1ebb1502901cc94cfded7ac70a11c33b02cab9d6104e5088f8f2db428ad908f4f', '6252397618faafd4d6cb24d16a01389a8d6fe4101c14361aa9f2a473ba39821f090627ab9fa89c10', 0, '2019-04-22 00:16:43'),
('11c70b56e3f3c4211b301150f7dfe68d3c7581bbf879451e23a0c941f9e685b7bf767e26f785632b', 'a1c132483b3e9efabcf2fc3c24f3488b070a66e17c6de6125ae7e2834bb24396ed6875e058867293', 0, '2019-04-22 10:08:19'),
('121e890dd5eed132923216326b32a7cc731780f86783d6bedff3a4144ea63c3a0db4906ec349fa6e', 'd4c03e1c17e8404372abb0a9b52dca48e035d28a06e8e5e2bd2b2fef1b5f2ec584ee505558cc47d5', 0, '2019-04-22 12:20:06'),
('13bd648829e6f1189efe7066ec457e12d9bbec7715f64fc0408130ec3af26999afd0a9f1349117ef', '5fb1e48244b9331eb0ffa19b91486f320e012e0103133c8bc56f47ec9c31e5a95c392a9e614952cb', 0, '2019-05-05 10:26:20'),
('15497e5ccd685e2b88512e3841b93d0f2e6aa6a6ee99124e7523e38c30b4bfb9b63385bc81031483', 'a87f295a316dba05fcc519662b42b88af87e216b4fb63087ba2344447f9e1eb868c9eb2613d14440', 0, '2019-05-08 09:37:34'),
('15ff3becc0549581063211c6a838bee748e7a19d4334284a6a0cf6e8be395811fa8df8b65c36ff6f', 'e29817c7ed44fa1cd6aa28a3f11c7d6c9b8320f1df97dffd97f4e5c653ab6937f2ce59c822c98bae', 0, '2019-04-30 08:54:19'),
('1cc306d305d84f69f0efc3241d6c63cda2fa501aa6bd8c7bf659b39e2a17cd8fa70d1b4abb5aafa4', '0d4ee51d88cd7f86ebdd3adf4794b4853cae68a16985d9a185e1a0d9007611aec2ad72bae19eed2c', 0, '2019-04-22 10:02:15'),
('1cc6bf0d964ceebf2022793a6b6eb6d895bf8bee3b146eba59487e71cd816c19c3c59b2092a7c341', '016092d944c23b68e5664ddf58d088f18728d6a80c35a203a37edad1f0a7c352d5edb3f8927a6c25', 0, '2019-05-15 09:21:00'),
('1ee585bc40c2a9bf3b5f1e11b78cf5ee54a8ea4a6f536ffc54e47ebcf43a6d333edb4f8b77665a5f', 'e0c19441be7dcd3d38ee947787fbe5c99751e58579ebe68a7e572102730e1bbf74079a9fa4d2f7a5', 0, '2019-04-22 10:19:41'),
('207d79aaa2f08d9612a31980081116877fc4e3ca854c50507b4d4f9fd1c34b16f53189eba844a5d3', '9c720fadc07b687019bf705b34ceed304e1457b32df4721f24de5e9889428fc9c8b0da0d544cdf9b', 0, '2019-05-15 11:11:16'),
('20f97659f526f7aca801f29fc2168040beece68c9d6a28b45fc478f994eb2ecd6b2190065bb430ae', 'd13b09cb2cd264295482ff810de6cf6aded2452017f5b03b3cf4490b5dc5d84c1a904cacc1768fa1', 0, '2019-05-15 12:10:44'),
('22256b27f0e47dbf99aa053d287bc5dfdce70326c177954f017bbb9f6fac237446d061c8ea1ff21b', '191559ef4bb4333fe8c22bbaaa2cb6af2cc6fc74d6a79bc23bbe513b44ecb3d70f525c902acb3f9d', 0, '2019-05-05 10:16:27'),
('22441e713c108f487f09d9f428bbf169a0dbc4a1eaa6f6eb4f776b7c5ed7555f3a561929915f1a0c', '63c112c6352bed23bcc6b12777c45fc96537388c7db04b4bc147d6eb7c26a520100b60565bff3c59', 0, '2019-04-21 20:47:41'),
('2361d4dbdc645f6f17a7ee229bb0be48dc7b1bdc7acfd0e6d52314c1f80b2d1ffdcf1256e1929b05', '1ecfca9b99754066392f91eb38b0f6686890e5f0b0ce3f79164aa0b5bac60b4bc4c13847e07b2f5c', 0, '2019-05-15 09:36:06'),
('25bdfb6fc2fd84e5308855a4827734e3ffab727d309915bf3a6e63e8608eeb10157ed9319ca4b3d9', '3e937741d82f003e5a27078b1746fd0f1eeaa1c9fbd27bf1faf2cacdc3f6e2a3b27aff7538fa3035', 0, '2019-05-15 12:20:45'),
('285b9dfca7ee12b40995fefd1952fd1a286c71d6169e3282a91469229e9ae0b6fb8451dcc8173eeb', 'bb55aa6d94bb064d14baf945cd198023f9f8e7d55f9f4bb1a906e0fafc5feea025c9df0d28df2c7b', 0, '2019-04-22 10:27:23'),
('2ad63dc2b8c9704fb26ff576fe58c7c255de70e907fc750d416a53885d34e5c78be699a114f55e85', 'ba40a0908b0e7276e84804d8ecb45437988669a17d394637f81e68402e9eec4ccd865d50124f881a', 0, '2019-05-03 07:56:32'),
('2c27d9efbb6e9b0edc802e02cab08c4c3de239e78bb70cb6faf618c9538f5428c4d2d7701c2dc66e', 'c4bc78519abbaa1cb71f8714587b65ae46dad665f1331b8312b06899c356242a35e5f658e7829c4d', 0, '2019-04-22 12:35:53'),
('2c38d434355dbfcac0ec731b5eccff3c24fd1ffa9d02d24692a8f78375cbb699d9cdb579d04ba8c8', '307ac507b127fb2f5697099dd03feb9feb2ea72ac90b5d65ed155ac1726f1ab3ba84277f2cb848be', 0, '2019-04-21 15:55:26'),
('2cf3c16e0b923b60b3761789409d8fdaee640f4a53b63d244b03dec1f98bda32f42fb78d0265c52d', 'b9b2d8540b4356f2c16488588f8e636f48c68dab17667d091873633ab20f8c77a59f92f3bb7fbc0e', 0, '2019-05-15 09:27:52'),
('338bb7b0aaccc87502c893c098e193af477930fecd3d88fd0afbbad7fed885884ef2d1aa669580a7', '06bfbaaca591e67e349a00ec08ee01a756b90f77096abfa9d463c68c2eadbe84e676eaf3e3e89060', 0, '2019-04-22 10:01:37'),
('346dd03bf5262b27491f1e5d6f3a236ab5eaa1101c9af9072d78b5225113f504665e0cade962b8b1', '298d8c570ad5f83ae436bced254d4f42e27aa107dbf4c3a68b1128d312eb1508a0cbdac44da725d6', 0, '2019-05-15 09:29:25'),
('379e687a3b0d82f7140dcc5324533aca741fe29e483e8f6fc187716a109c7cafdb022bce3793d938', '2bfffe65e798290fccdebc6221699ba83959038771aaa02738a67555b066f6f960dc9fe4ce2a39fb', 0, '2019-04-22 10:55:04'),
('3dfa9a8a4b328a33b407c9a7b9a737ce22a36aebb6c5a248695a08d99dfc0ee2673b73193705088f', '0136cb71f8fb00076c7d148f85c76bbc2d2eeb677a32c7995d1095e71ac72b0691c7fe0b063f71e6', 0, '2019-05-13 22:36:03'),
('488a25b82885376f676795882c8080fe943501e08d5852661919ced293821aa0365a58669df3af98', '60f1b14bc93a1f98ac4266dfe265dc1cad1dcc9fbddc498ab88282dcf4f1287c5102fdd2d549f0bc', 0, '2019-04-22 00:22:05'),
('4d2f7da506d75f97eeadc9a9d415137738dc05f96bc3a01465df4f56ba53400691c9df107c41f0ea', 'cadb257a2e490d6ba13432da8c1ab757efdcf3f405aa5b42247e9fc0c7f7896e07ad7426cadbd8c8', 0, '2019-04-22 09:48:13'),
('4d6bc7cad046fb08451eed4e3d164529acf1e97ce9c1f6cf43fa0a16c1571c3a6991c1b3e3f6ad1d', '130cd402274db3d6cf24822205fc87f754f44ac6659566edd348dec7d9fa796124e9501e7007118e', 0, '2019-04-21 20:38:56'),
('508d23cd2379c765ed14a039374c7787eccd51d1b6b12107ec7abb6d3736ba5a4ba0a1c62a9db608', 'e795ad9a2afddef2a7374f75e6b86089f16a81ea048e00d8603ed27bcfb47ec84e83f8600d7d145a', 0, '2019-05-13 22:43:06'),
('538076ebb639f05ad95337c2959c9234ec3cb465b8f01721527816e5b0dfdf319d8871e5acd2d85c', '836b5878b962209afadd514e6cbdd8ec5309c12846a6f4ff48b3a20a42b5d2e5844b997eaa7f8186', 0, '2019-04-22 00:18:26'),
('553b285c542a3b9d4e197b4598dfb8b9caa924a6a42d5634f88084c56ea2510717b3246536c434b8', 'be7072a663bfcc954a7c224204318a6763cb270182b60271b69484eec75b65568e6c447b296e1c35', 0, '2019-04-22 00:27:31'),
('554333b8b14414c5c504789c8eb12e0852667a335167ef58d17e7595055318fa14d957563f682577', '9e352760da2a3cb32f9e38ca76588ff9afb53722961fab6a4db26b65eef58ed26264044d40a88e66', 0, '2019-04-21 21:17:45'),
('55c06b7b9949754b70b8403d680315c7fec643138e5234cce6454015e17c5163818c909e41866f57', '090524e5e5109e07f22f1502942633c83810db429e21a5b2a4f4f8f7aaf0dc3cff8bfccf01c12375', 0, '2019-05-15 11:33:44'),
('571e49c3e8596b412a0818172e3b1a29f9d0092b25100968b4d3969812dc3c78c69dd8104d803b94', 'e71b445b66d8580bb3637680d551c08bf6a64a1cf5dd801b7b39475c34a620c326188f1e3df89209', 0, '2019-04-22 12:42:43'),
('59d576a74a314a67df9444dcebfdb01662471fb5c2ff105974cdfe86a672d447b70bf99d0bbed8a9', '93e4e6c101ce5f67190c8497f3186e4451e5db9c5da04708ca15ad9b79642003557f9a9e695e8ed3', 0, '2019-04-21 20:39:54'),
('59ea0098ed6c79a3b55a72b4bdc645da5530569ab7f4dc9358600f0e7c2ea8ae067b56a556a73b72', '45aa3f3a2237c66ad0b770cc1b8a400a905765649d4ab2a11ca1761e11da6d948bc98e864281dab4', 0, '2019-04-21 15:44:54'),
('5be218a87d5a662afcf2aa21d898c6924ca2deed211d221cce59d61c4434b5c2c4fda171f724cedd', '99fdacba46133864b92c44c5131f2834c4ab058a2b175df85591d902ee2fc7e6138ab11665a6e689', 0, '2019-05-13 22:38:06'),
('5f9a3b18e9d434839ee97c79d2bceab4cef2d35344f157fa592cc84520fe96540eb1729e0e90f2cf', '6116bed6f02d0fbfb0ceb8ad089b993f9627746181a87df0771d063acb0794c1f234d108481b7580', 0, '2019-04-21 18:35:03'),
('6ace000d66ffc1a43c22601bf064b0a4329419d281040282d1a86b498d03e9824cd37e3a3e14459d', '5ad637e7204c53dcde93c7a1c16be84e204370d39820264903e307f6c7ccc69f5c89dd7d8d063ce0', 0, '2019-04-22 00:24:18'),
('6e44bbd9aa45abad16c614fc125a56f77d97afd88c246b13bdf38c24fef61df16ac40effaba54a67', '09938f92cb8c88f941a02ef3e8505350e635b1e41d0179a47d168963f5b84223aa8f1264c50e8ca1', 0, '2019-04-22 10:12:56'),
('6ea436c12292e820f0f685f4cdd8116cdfa36aabca82379bc596a45bc3fb6eef14ac56ed1c11f72a', 'f4df7a6ab7da4f7d4683656bbcacb6b5f345d13d784c3570624e71c61dfc2d8f7eead45df6e4481a', 0, '2019-04-22 00:32:56'),
('752ea855df1df34a5b6d636e429291c7a1d684744f1afbfb49f82788d73136ab32f2b40fb0c99a50', '850fe0790d4140405c67a3cc258293b2fdc37bd1f8854d76c0b369ccf5532e24c38536a76dfb2f7d', 0, '2019-04-21 20:41:33'),
('7e79ee71560db7f823b31bbcc57ded0d5c32c4c5b85dc2690c7f64fb605801b53e973ce3400f2914', 'fb4a44aa0d8e59a9c8f24ef5ab10ffa7618bd4d1674b9c3488d75170b37439c6a917d9506f69d320', 0, '2019-05-15 10:30:34'),
('822f72b5eebf51e785f59fb7e907d969bce25b3bf19e392ece91c5c334bf8d2037f96906a6214ece', 'a6fcb0939a48ce65f1df9cf0ee10321383bc56465f175d86529b9321890345bd72460dc112022a73', 0, '2019-04-22 10:27:50'),
('8485a0a856e4e2a6e99695f659793b68f6d948760a741f4da565b6651dd099f22741df070cb91cd5', '851f2c02fafe96cdde60fbca8f270b5b6334461b52f05bae4411ad356b5e17229ba8b87d0a57c882', 0, '2019-04-22 00:42:54'),
('85de6486310c4878447c77276c19c76f815c34ef3329baaf85d55cce8eaab4e4b0e8d6632a272e59', '6eeafef0f928f109c758e4a9adbd9b20bf229a925ef8e0b4a3fa24e98ec1cf0023c0f983776a9ff5', 0, '2019-04-22 09:57:56'),
('87293a68e8a51a7227fbdccb43b78fc2eec28b2a89612528fdb8074a2dd88f7dba8dc389e319efe1', '2b3dde55359b113100cf6342d7a49a6fb7777b8e727ce4d0a1f04465e896a6ea994eb2cd1c931d5f', 0, '2019-04-21 23:23:15'),
('8812083dcef21388b36b1d0731b439162caba86607470e477949e38d20e226ffd03dd1200846787d', '3304ef2ee2d368cad093ec99b7cddfeea5ea727b53b997afd236771a1e20a02fe07402eb7c41fabb', 0, '2019-04-22 00:41:50'),
('8f35b29e6900fdae75a1f4aa3c5b8cfacdbbae8d463897f0fea061067790a1ac43fb70700e8983aa', '94e8129286eea0bb305176e9de414efaf074b573a76357e28e53524176788d69c986182de85f0c59', 0, '2019-04-21 18:14:19'),
('918ba5e4c5991fea717ff2efcaa24292eba07f6e7ae89342c512308b08e628f5479a888a2a8ee51c', '4e6173dc031261476a351b3615fd83150e4cf6271dc0ffe13bc15e0f70f41580951cd1014701407a', 0, '2019-04-23 16:01:13'),
('91ae165e64b39d048cec097e30815a1cfea333521eaf8de856d5ad8a4c9790a2972973d3726c3456', '3f99e06c8aa991966dc064e57779967e7ac5d0e6f573d266b98cc0e3952a745666cf3f088060e5ea', 0, '2019-05-01 08:47:36'),
('93dd0d919271ac81ac65c37677cd39a41cf88f5a1cccc6fc33108d74da8052b37c1a4108e834a867', '45ee397cc2451ed5fb6549a11b5931faf2474d6c27fe53417a540b4a2459b6d05cbdb04a4807abf7', 0, '2019-04-22 11:23:48'),
('96af9c9b177cb6d197a3f1faf592a30ccf3ae88c692cb0d13e4f24cd15bf3cde505868ade3a3aba5', 'd586f20a84412b090e0933e8b440c419ce65c3ea07f273086e3d134e512151f248f9c92bcc8e4ecb', 0, '2019-04-22 10:05:48'),
('9b1ad0d201f5a4d590a502c556ed4e0c67ba44a3b0e477d0c7280bd7dea69bf51c22f8a204ff172d', '36bf752ac3d81884aac20a3168226e8fe732451f676fb92c33a43b8ba4a19cf04191df26c3776fe0', 0, '2019-04-21 20:42:44'),
('a4430b1b658ad2ae310aef1d769869138abde0c27db9f48e9639a414228d8ee2b6f65e3b9cf49076', 'cb75879fb1ae644fabf63765314b60dc4154dfa12ba9f01b170a24ff06c3e66ac0a3b6fb1c8b9ca2', 0, '2019-04-21 15:54:15'),
('a65f6f486e594167121527803dad49ff3216af166626dfbbcf473db9ea223bfbadbb4263ad500bc6', '5e0931fe4620eded775c4023f4c9ec0112c145d7e40bc1634f3bd715f1b8503f16d14b0d8fec7f2b', 0, '2019-04-22 00:21:49'),
('a6dd1a9c5df0b71316fa3d82f76e97d8ab3f9b226c6225761858bf8227553f216a9ee630008c7f77', '3d198350173ab4b19e556fb5ebc2b03562363da9065b6eeb597eab9c57a69bfe9358647d0f0036fd', 0, '2019-04-22 10:17:22'),
('afdef6d74006f18c8b6a67567e72c2dbe499740b8737522df0fb72ebd7c34c1be3ad53a7ad48c43a', '013e19ca2c8e164a56f4283748d2559358af19ace470a41db15c6b7dfef56488ecbbfe5796065c75', 0, '2019-04-22 00:24:31'),
('b234f59857ada611307e409a23c3cf91ed39d4559556c88d6db5fe3c60a368508d985f0e530dab36', 'fa25b33ef9d53786fa3bf389f93d45dcdd144e498f3824eedd4ba72ec4d68d6c9d13330b00c6409f', 0, '2019-04-21 23:35:15'),
('b3c10cd8dd6bbd0de33e8905e8827438e6d262b58fc781123718cc8d59d6bfe564a2bef314b1c6bf', '56ef28bce3774a1beedf968eb999c6e9751aebd3d198a9490b94358cff278de8d6125662e70d4706', 0, '2019-04-22 10:37:20'),
('b3ed8a5c49605c0a36d13824e36885a72270a2a8a90d3b0cae38ae6b8c65de72b5365fb5d082465b', '731624bbb23d603255b3127064fe9883c8037f928de5c9397b85345ead867ba2a3cd5dbf869c034a', 0, '2019-04-21 18:22:49'),
('b70e4d1e1f3514cc0a3c0119d3ba619a151aea79ec5c5ef65f9aead5fb98cc66873a56b194815061', '0beaf6d892070c757475d43906892c5edb0ae471f9e6e90c47f984be3bde11d0f8db25b732106ac5', 0, '2019-04-22 12:21:38'),
('bd68f67493dcbbe726c3d84e36929d54963f8d782f48d302b043cdbb4c069b84406f655a6fff1401', '210d20bc6538e14437ae77f27040d34d0cd8b8b3d0b8a95ad344b7e5127e6e951ddd108a73356a2f', 0, '2019-04-22 12:33:51'),
('bf6f32046105d9da16217dd386f7cec37a540181c408fa0e1d8f3056d278de29deb19d685355cec0', 'e6e6da2c08a26d7e5c4fbc2082cb011f43cd2efefef7366d9da84d500b2bac87b36b77c0f9ef6ac3', 0, '2019-04-22 11:50:00'),
('c1c3a7793f0210c9e44e6c8d1a328cbbb8c8fe473a55861cb9886d004daa425e2222df368d6e6636', 'd9a60a29903c52e0a19a6459b66ca27aa79525e357c5fed41dbdd5d42674867bd35109b24067a581', 0, '2019-04-22 10:20:52'),
('c2186830bbcdbc514bc20b3deed5edca4c5c80590ff9316f2916ee8cf404e399ef4beba8963c055e', 'bee22fc685b76d490657ae6ef1eb754584dac49fbcd3ef04e5638354e12184752bcb3129ef438698', 0, '2019-04-21 18:21:26'),
('c8f369d9f55f4cca4634a6262bd98012fa73e99bcd7d2bef2d19d62f4cf76a4229e5f8748fa173d4', '704697b2a8d2cc75be0550e4318e76d7e2d719f8e3a40236f013c5780e2331eca8563c73e57dab00', 0, '2019-05-13 22:39:55'),
('cb863b3f0193afafed4307a70e269548647d30b6a408c804ba9a2c662fb4cd842729b746d5182017', '99565724a7ff46c4580d93be52c7fdcb482d64ecd021366a31a64d3eb23cf6f66abc996eaa0ff15b', 0, '2019-05-15 09:59:20'),
('cf237dd609360ef702b409504eb1029490294b96221c8eef1f7a70fdf8e1464faeda49382911f6ee', 'd31c7904250c90d991dc3e7195b733e2e8d7e09ee8a27d1247e129d54b9ed9f8e6d86c5b9d2b3f0e', 0, '2019-04-21 21:15:58'),
('d30d460daacb36c1f20380e7a2a3702005cad7ec51c8ce8aae3a2b79275b69c531462e125b87ad0a', '3e77a95817f7019b857099dc4711a2e025f1657f17063c7c572780af124f252fe0962c1451779184', 0, '2019-05-13 22:39:25'),
('d462c2059b23f1f8869a16d25e8bff02dc0d8fe8818305c0b28821340bbf06727f46379dc5c4fa23', '4bf71c651a5c23e83b537f23287d28d8f2d8335cb9be8770cdd0fc0ab6992cce436cf2ea5f5f7e91', 0, '2019-04-22 10:20:14'),
('dcc8d1a7183e3f7ffb8ae0c2011520e6c668b37707f46bdfe981bba9162094f8e637813568998203', 'ac7f8192e3d82ea73c914b62d223cdafa66d5488e2bee4b7032e50e065029e8b07a23d854e6d3c9a', 0, '2019-05-13 18:33:12'),
('dfe2911e5681d184153e5de36c8d9584f191901767e2830b7045c2ab3237ee49069ab647f4447952', '4e6fa4c751272f315f5ffc5b33e958947940a07bd2d5f4c02428dad16842e9cd0739ed960a2a574e', 0, '2019-04-22 10:00:21'),
('e114a013d691321e821ea0172e5f20047a2395004ccb925b405a971d2a71f447ad875133fa6b4324', 'cc58febef5f18af4902c7f7041a80e933bdbad4217e424522b814b2279bed55b3fdf29bc1a84d736', 0, '2019-04-22 12:31:37'),
('e178f4d5992850626ec2080b8099d529568f8b4df655f19e44b37a14d56882d11c847bb25323f1d1', '70a307dedb9e3ff80108e136b5ccb93b5983b6c32bfd955dc69f8368d3dcceb669fab1bbd2e8ae6b', 0, '2019-04-22 20:19:04'),
('e51ec89db74f3ed4ef1fcc93507d3082f22a48105c37f8e2fe1f2101c0d8ad74f4cda5d934e32759', '2a08eb8e4448de6fd281e59362c4d935fe4480029646227038184d6ff80967289a84d5656714147e', 0, '2019-05-03 07:55:25'),
('e96d59e3697db2224552e00f49eefb58b873d895863ec6d9fceeadb5f57bc59dfd2b84dd09b0ed3e', '22a015a2130aa04b152409fda1c42ade7c625c10afe1cca790697e41ca17ce937303714c4cebde44', 0, '2019-05-15 09:19:09'),
('eb2313420a3022483eee48b5c92b8e0a265f5288cf77908281099dd634dba5364cf67bac50a042dc', '92d75ee902022da38b0ea7a062f735adf682da6bc915b9a9536002c4a34e595b380b86c43d787e22', 0, '2019-04-22 00:42:39'),
('ed0432154d551054d81e5fbe58afbc8ce6a93400c011500b58d8e7c96880917100ea0c42b0509b3a', 'c45c255801605b808978340b5c20b58afbf1a8fd7ef6c1de85969c3deaf8a29e7aeeb753497afb09', 0, '2019-04-21 21:12:55'),
('ed0d13129705877480a495c1a72c1a0a580dbda4e325df3d0621868364c7a9eae9f10879194c54f4', 'dc390abfaf7a3e990db487259f6adbaa83f8a0d2ebca440d2e4a6df0f9b18c4a1e2636b369eb294c', 0, '2019-04-21 20:31:02'),
('eeb9c6729a948d05b4e47153c0517e5edd94978f6cd469af6820203f8c6026243bd6c9c156626bee', '21501f14475232d64e904a10598496b228e0180b07ffd126cf70ba28ac881d86f896a7797c6e2411', 0, '2019-05-15 11:32:09'),
('f16b3d3a5853d385f36b0d6ff0eda7c99dc9973b4d82c4d78760605b9fe8d1c13e4432b6bb84b86f', 'e6c99694da0265ae39ec04c75dc2fad604a49a66e7bd4b1dd1816f867de5248fb7b5b7c1d4ad9ea6', 0, '2019-04-21 15:33:24'),
('f45cc6e9812a0d9014cd4dcbddc48245574891d63d4e667cc9d9505b9e6c99a8b5058a4fd8c983ca', 'e3bfc13f6aec5d51c0c4248e2db5357cc798c11937a107055889fe9989d2f90e5639a34ad9cb48d1', 0, '2019-04-21 15:48:20'),
('f4a235b2830fcf6f3175110b443de831b30c1a4723a292d156a9cc3df436547f258f76118937f259', '196cd3adf4230218401b6adc96a97a5a2bfef60788b986c180797ebf381f1ee68a7d71f07f932ba5', 0, '2019-05-07 07:04:16'),
('f6ef08b2b04dcabc948c0f40118366d8c9fdf5679662aebe61be021bffde7fba41fe47f3aef59be0', '1177d16590922ff8d7e55fe6b963182c6b8b52a69db1986ad221af3b7237f35ec3b28ae9bd2161e7', 0, '2019-04-22 00:18:12'),
('f86156580c39b0fe28ebcb125d1c5229746a9302e73031b7a2eb5449d7bf6a353285356c6fa194c6', '9b9bbbec7bc0648306dacb00ccb4c3700cecf2c6e5f093d133048f00442f15799d6ebc420c121788', 0, '2019-04-22 09:57:36'),
('faa2f5104ed95962f34c788a54144370561170303b2b3e7933ae44835a2f4a1aae015e3c0a0e59b7', '0debaacd1115306478b1ba72cddcb409bd1f53a40b041d8c4c809b804dd4e6e14b57d5edec695cec', 0, '2019-04-22 00:17:04'),
('fab630a52b90fb4c6508b9dbb25eb196595da6e9aec3864702072df6b2a20193362d405d1b757a81', '8ba4bf030c6981ead78c0ea79def9ceb8f1184b485f2b7f6c4b6960c7cecacf2881bf030a50a75de', 0, '2019-04-21 15:43:44'),
('fc9412fbb804d8b0165f8cf63128e3b5af464f04ff19a82dd0eabfdfb70cb0672accbde54b94bd7a', 'cc009a2c1f03fcc0f958492376b47d9ba52d285d5e211f6aa1d145f421735de7707f377ed75613d4', 0, '2019-05-04 11:34:06');

-- --------------------------------------------------------

--
-- Table structure for table `orderitems`
--

CREATE TABLE `orderitems` (
  `id` int(10) UNSIGNED NOT NULL,
  `product` int(10) UNSIGNED NOT NULL,
  `qty` int(11) NOT NULL,
  `order` int(10) UNSIGNED NOT NULL,
  `created_at` timestamp NULL DEFAULT NULL,
  `updated_at` timestamp NULL DEFAULT NULL
) ENGINE=InnoDB DEFAULT CHARSET=utf8mb4 COLLATE=utf8mb4_unicode_ci;

--
-- Dumping data for table `orderitems`
--

INSERT INTO `orderitems` (`id`, `product`, `qty`, `order`, `created_at`, `updated_at`) VALUES
(1, 1, 4, 1, '2018-04-14 15:28:32', '2018-04-14 15:28:32'),
(2, 1, 1, 2, '2018-04-14 15:29:52', '2018-04-14 15:29:52'),
(3, 1, 10, 3, '2018-04-14 15:43:27', '2018-04-14 15:43:27'),
(4, 1, 1, 4, '2018-04-14 18:13:25', '2018-04-14 18:13:25'),
(5, 2, 9, 5, '2018-04-15 02:00:53', '2018-04-15 02:00:53'),
(6, 1, 9, 5, '2018-04-15 02:00:53', '2018-04-15 02:00:53'),
(7, 1, 8, 6, '2018-04-16 04:43:13', '2018-04-16 04:43:13'),
(8, 2, 7, 6, '2018-04-16 04:43:13', '2018-04-16 04:43:13'),
(9, 1, 6, 8, '2018-04-18 18:57:06', '2018-04-18 18:57:06'),
(10, 2, 5, 8, '2018-04-18 18:57:06', '2018-04-18 18:57:06'),
(11, 3, 8, 8, '2018-04-18 18:57:06', '2018-04-18 18:57:06'),
(12, 3, 1, 9, '2018-04-23 04:41:21', '2018-04-23 04:41:21'),
(13, 1, 3, 10, '2018-04-25 17:07:42', '2018-04-25 17:07:42'),
(14, 2, 2, 10, '2018-04-25 17:07:42', '2018-04-25 17:07:42'),
(15, 3, 1, 10, '2018-04-25 17:07:42', '2018-04-25 17:07:42'),
(16, 1, 1, 11, '2018-04-25 17:25:05', '2018-04-25 17:25:05'),
(17, 2, 2, 11, '2018-04-25 17:25:05', '2018-04-25 17:25:05'),
(18, 3, 1, 11, '2018-04-25 17:25:05', '2018-04-25 17:25:05'),
(19, 1, 1, 12, '2018-04-26 04:10:51', '2018-04-26 04:10:51'),
(20, 1, 1, 13, '2018-04-26 04:11:45', '2018-04-26 04:11:45'),
(21, 1, 1, 14, '2018-05-01 07:33:01', '2018-05-01 07:33:01'),
(22, 2, 1, 15, '2018-05-01 18:24:39', '2018-05-01 18:24:39'),
(23, 2, 6, 16, '2018-05-03 06:06:26', '2018-05-03 06:06:26'),
(24, 1, 3, 16, '2018-05-03 06:06:26', '2018-05-03 06:06:26'),
(25, 4, 2, 16, '2018-05-03 06:06:26', '2018-05-03 06:06:26'),
(26, 5, 6, 17, '2018-05-04 06:18:26', '2018-05-04 06:18:26'),
(27, 1, 1, 17, '2018-05-04 06:18:26', '2018-05-04 06:18:26'),
(28, 4, 1, 17, '2018-05-04 06:18:26', '2018-05-04 06:18:26'),
(29, 2, 4, 18, '2019-03-24 16:36:14', '2019-03-24 16:36:14'),
(30, 1, 5, 18, '2019-03-24 16:36:14', '2019-03-24 16:36:14'),
(31, 3, 1, 18, '2019-03-24 16:36:14', '2019-03-24 16:36:14'),
(32, 4, 1, 18, '2019-03-24 16:36:14', '2019-03-24 16:36:14'),
(33, 5, 1, 18, '2019-03-24 16:36:14', '2019-03-24 16:36:14'),
(34, 2, 6, 19, '2019-04-13 14:35:12', '2019-04-13 14:35:12'),
(35, 3, 1, 19, '2019-04-13 14:35:12', '2019-04-13 14:35:12'),
(36, 4, 2, 19, '2019-04-13 14:35:12', '2019-04-13 14:35:12'),
(37, 5, 1, 19, '2019-04-13 14:35:12', '2019-04-13 14:35:12'),
(38, 6, 1, 19, '2019-04-13 14:35:12', '2019-04-13 14:35:12'),
(39, 1, 2, 20, '2019-04-13 17:39:44', '2019-04-13 17:39:44'),
(40, 2, 2, 20, '2019-04-13 17:39:44', '2019-04-13 17:39:44'),
(41, 1, 1, 21, '2019-04-13 17:40:46', '2019-04-13 17:40:46'),
(42, 2, 1, 21, '2019-04-13 17:40:46', '2019-04-13 17:40:46'),
(43, 2, 1, 22, '2019-04-13 17:50:55', '2019-04-13 17:50:55'),
(44, 2, 3, 23, '2019-04-13 17:53:44', '2019-04-13 17:53:44'),
(45, 2, 1, 24, '2019-04-13 17:59:55', '2019-04-13 17:59:55'),
(46, 2, 1, 25, '2019-04-13 18:03:07', '2019-04-13 18:03:07'),
(47, 3, 1, 25, '2019-04-13 18:03:07', '2019-04-13 18:03:07'),
(48, 2, 1, 26, '2019-04-13 18:11:52', '2019-04-13 18:11:52'),
(49, 3, 1, 27, '2019-04-13 20:15:40', '2019-04-13 20:15:40'),
(50, 5, 1, 27, '2019-04-13 20:15:40', '2019-04-13 20:15:40'),
(51, 6, 1, 27, '2019-04-13 20:15:40', '2019-04-13 20:15:40'),
(52, 4, 1, 27, '2019-04-13 20:15:40', '2019-04-13 20:15:40'),
(53, 1, 5, 28, '2019-04-13 20:43:40', '2019-04-13 20:43:40'),
(54, 4, 1, 28, '2019-04-13 20:43:40', '2019-04-13 20:43:40'),
(55, 2, 1, 28, '2019-04-13 20:43:40', '2019-04-13 20:43:40'),
(56, 1, 2, 29, '2019-04-15 08:13:05', '2019-04-15 08:13:05'),
(57, 1, 2, 30, '2019-04-15 08:57:54', '2019-04-15 08:57:54'),
(58, 1, 2, 31, '2019-04-15 09:22:04', '2019-04-15 09:22:04'),
(59, 2, 2, 32, '2019-04-15 09:28:05', '2019-04-15 09:28:05');

-- --------------------------------------------------------

--
-- Table structure for table `orders`
--

CREATE TABLE `orders` (
  `id` int(10) UNSIGNED NOT NULL,
  `user` int(10) UNSIGNED DEFAULT NULL,
  `tracking` int(40) DEFAULT NULL,
  `created_at` timestamp NULL DEFAULT NULL,
  `updated_at` timestamp NULL DEFAULT NULL,
  `address` int(10) UNSIGNED DEFAULT NULL
) ENGINE=InnoDB DEFAULT CHARSET=utf8mb4 COLLATE=utf8mb4_unicode_ci;

--
-- Dumping data for table `orders`
--

INSERT INTO `orders` (`id`, `user`, `tracking`, `created_at`, `updated_at`, `address`) VALUES
(1, NULL, NULL, '2018-04-14 15:28:32', '2018-04-14 15:28:32', NULL),
(2, 1, NULL, '2018-04-14 15:29:52', '2018-04-14 15:29:52', NULL),
(3, 1, NULL, '2018-04-14 15:43:27', '2018-04-14 15:43:27', NULL),
(4, 1, NULL, '2018-04-14 18:13:25', '2018-04-14 18:13:25', NULL),
(5, NULL, NULL, '2018-04-15 02:00:53', '2018-04-15 02:00:53', NULL),
(6, 1, NULL, '2018-04-16 04:43:13', '2018-04-16 04:43:13', NULL),
(7, NULL, NULL, '2018-04-16 08:42:23', '2018-04-16 08:42:23', NULL),
(8, 1, NULL, '2018-04-18 18:57:06', '2018-04-18 18:57:06', NULL),
(9, 1, NULL, '2018-04-23 04:41:21', '2018-04-23 04:41:21', NULL),
(10, 1, NULL, '2018-04-25 17:07:42', '2018-04-25 17:07:42', NULL),
(11, 1, NULL, '2018-04-25 17:25:05', '2018-04-25 17:25:05', NULL),
(12, NULL, NULL, '2018-04-26 04:10:51', '2018-04-26 04:10:51', NULL),
(13, 1, NULL, '2018-04-26 04:11:45', '2018-04-26 04:11:45', NULL),
(14, 2, NULL, '2018-05-01 07:33:01', '2018-05-01 07:33:01', NULL),
(15, NULL, NULL, '2018-05-01 18:24:39', '2018-05-01 18:24:39', NULL),
(16, 1, NULL, '2018-05-03 06:06:26', '2018-05-03 06:06:26', NULL),
(17, 1, NULL, '2018-05-04 06:18:26', '2018-05-04 06:18:26', NULL),
(18, 9, 45674567, '2019-03-24 16:36:14', '2019-03-24 16:36:14', NULL),
(19, 9, 54654, '2019-04-13 14:35:12', '2019-04-13 14:35:12', NULL),
(20, 9, NULL, '2019-04-13 17:39:44', '2019-04-13 17:39:44', NULL),
(21, 9, NULL, '2019-04-13 17:40:46', '2019-04-13 17:40:46', NULL),
(22, 9, NULL, '2019-04-13 17:50:55', '2019-04-13 17:50:55', NULL),
(23, 9, NULL, '2019-04-13 17:53:43', '2019-04-13 17:53:43', NULL),
(24, 9, NULL, '2019-04-13 17:59:55', '2019-04-13 17:59:55', NULL),
(25, 9, NULL, '2019-04-13 18:03:07', '2019-04-13 18:03:07', NULL),
(26, 9, NULL, '2019-04-13 18:11:52', '2019-04-13 18:11:52', NULL),
(27, 13, NULL, '2019-04-13 20:15:40', '2019-04-13 20:15:40', NULL),
(28, 13, NULL, '2019-04-13 20:43:40', '2019-04-13 20:43:40', NULL),
(29, 15, NULL, '2019-04-15 08:13:05', '2019-04-15 08:13:05', NULL),
(30, 14, NULL, '2019-04-15 08:57:54', '2019-04-15 08:57:54', NULL),
(31, 14, NULL, '2019-04-15 09:22:04', '2019-04-15 09:22:04', NULL),
(32, 14, NULL, '2019-04-15 09:28:05', '2019-04-15 09:28:05', NULL);

-- --------------------------------------------------------

--
-- Table structure for table `password_resets`
--

CREATE TABLE `password_resets` (
  `email` varchar(191) COLLATE utf8mb4_unicode_ci NOT NULL,
  `token` varchar(191) COLLATE utf8mb4_unicode_ci NOT NULL,
  `created_at` timestamp NULL DEFAULT NULL
) ENGINE=InnoDB DEFAULT CHARSET=utf8mb4 COLLATE=utf8mb4_unicode_ci;

-- --------------------------------------------------------

--
-- Table structure for table `posts`
--

CREATE TABLE `posts` (
  `id` int(10) UNSIGNED NOT NULL,
  `title` varchar(191) COLLATE utf8mb4_unicode_ci NOT NULL,
  `body` mediumtext COLLATE utf8mb4_unicode_ci NOT NULL,
  `created_at` timestamp NULL DEFAULT NULL,
  `updated_at` timestamp NULL DEFAULT NULL
) ENGINE=InnoDB DEFAULT CHARSET=utf8mb4 COLLATE=utf8mb4_unicode_ci;

-- --------------------------------------------------------

--
-- Table structure for table `products`
--

CREATE TABLE `products` (
  `id` int(10) UNSIGNED NOT NULL,
  `image` varchar(191) COLLATE utf8mb4_unicode_ci NOT NULL,
  `name` varchar(191) COLLATE utf8mb4_unicode_ci NOT NULL,
  `price` varchar(191) COLLATE utf8mb4_unicode_ci NOT NULL,
  `desc` mediumtext COLLATE utf8mb4_unicode_ci NOT NULL,
  `category` int(10) UNSIGNED NOT NULL,
  `stock` int(11) NOT NULL,
  `created_at` timestamp NULL DEFAULT NULL,
  `updated_at` timestamp NULL DEFAULT NULL
) ENGINE=InnoDB DEFAULT CHARSET=utf8mb4 COLLATE=utf8mb4_unicode_ci;

--
-- Dumping data for table `products`
--

INSERT INTO `products` (`id`, `image`, `name`, `price`, `desc`, `category`, `stock`, `created_at`, `updated_at`) VALUES
(1, 'iphone6.png', 'Galaxy s6', '100', 'this is an iPhone', 1, 40, '2018-04-13 21:00:00', '2018-04-13 21:00:00'),
(2, 'headphone.png', 'Headphone', '600', 'A comfortable headphone', 3, 600, '2018-04-14 21:00:00', '2018-04-14 21:00:00'),
(3, 'TV.jpg', 'Widescreen 4K SUHD TV', '2999.0', 'overview_hero_title_2x\r\noverview_hero_2x\r\nA groundbreaking Retina display. Powerful dual-core and quad-core Intel processors. Fast flash storage. High-performance graphics. Great built-in apps. And now in the 13-inch model, a revolutionary new Force Touch trackpad and even longer battery life.1 Whatever you can imagine, MacBook Pro with Retina display gives you the power to create.\r\n\r\nThe design of MacBook Pro packs a lot of power into not a lot of space. Because we believe that high performance shouldn’t come at the expense of portability. And despite being so compact, the new 13-inch and 15-inch MacBook Pro with Retina display models now deliver up to 10 hours and nine hours of battery life, respectively — an hour more than the previous models.\r\n\r\nhero_large_2x\r\n\r\nWith Multi-Touch in OS X, you can use realistic gestures like swiping or pinching to switch between apps, navigate your content and get the most out of your desktop space.\r\n\r\nThe new Force Touch trackpad takes all the capabilities of Multi-Touch and adds force sensors that detect subtle differences in the amount of downward pressure you apply. This lets you have a deeper connection to your content, bringing more functionality to your fingertip. It also introduces haptic feedback to MacBook Pro — allowing you to not just see what’s happening on the screen, but to feel it.\r\n\r\nThe Widescreen Curved 4K SUHD TV is an unparalleled blend of form and function. Its Quantum Dot Color envelops you in our best picture yet, allowing you to escape into whatever you’re watching. Supreme UHD Dimming dramatically improves color and contrast, while Supreme Motion Rate 240 captures action that leaves your heart pounding. We’ve enhanced everything from its curved screen to its seamless Smart TV capabilities. The ultimate viewing experience has arrived.', 4, 7, '2018-04-18 21:00:00', '2018-04-18 21:00:00'),
(4, 'iphonex.png', 'iPhone x', '999', 'Just a normal phone that works like any other phone but with an apple logo', 1, 20, '2018-05-01 21:00:00', '2018-05-01 21:00:00'),
(5, 'mac.png', 'MacBook', '2899', 'A laptop that can browse the internet', 2, 10, '2018-05-01 21:00:00', '2018-05-01 21:00:00'),
(6, 'applewatch.jpg', 'Apple Watch Series 3 (GPS + Cellular), 42mm Space Gray', '1.05', 'Answer a call from your surfboard. Ask Siri to send a message. Stream your favorite songs on your run.¹ And do it all while leaving your phone behind. Introducing Apple Watch Series 3 with cellular. Now you have the freedom to go with just your watch', 1, 500, NULL, NULL);

-- --------------------------------------------------------

--
-- Table structure for table `reviews`
--

CREATE TABLE `reviews` (
  `id` int(10) UNSIGNED NOT NULL,
  `rate` int(11) NOT NULL,
  `review` mediumtext COLLATE utf8mb4_unicode_ci,
  `product` int(10) UNSIGNED NOT NULL,
  `user` int(10) UNSIGNED DEFAULT NULL,
  `created_at` timestamp NULL DEFAULT NULL,
  `updated_at` timestamp NULL DEFAULT NULL
) ENGINE=InnoDB DEFAULT CHARSET=utf8mb4 COLLATE=utf8mb4_unicode_ci;

--
-- Dumping data for table `reviews`
--

INSERT INTO `reviews` (`id`, `rate`, `review`, `product`, `user`, `created_at`, `updated_at`) VALUES
(19, 4, 'Nice phone', 1, 1, '2018-04-18 18:02:36', '2018-04-18 18:02:36'),
(20, 1, NULL, 1, 1, '2018-04-18 18:10:15', '2018-04-18 18:10:15'),
(21, 1, NULL, 1, 1, '2018-04-18 18:10:21', '2018-04-18 18:10:21'),
(22, 1, NULL, 1, 1, '2018-04-18 18:10:27', '2018-04-18 18:10:27'),
(23, 5, NULL, 1, 1, '2018-04-18 18:10:47', '2018-04-18 18:10:47'),
(24, 5, NULL, 1, 1, '2018-04-18 18:10:52', '2018-04-18 18:10:52'),
(25, 5, NULL, 1, 1, '2018-04-18 18:10:58', '2018-04-18 18:10:58'),
(26, 5, NULL, 1, 1, '2018-04-18 18:11:02', '2018-04-18 18:11:02'),
(27, 5, NULL, 1, 1, '2018-04-18 18:11:08', '2018-04-18 18:11:08'),
(28, 4, '<script> alert(\'Hello World\') </script>', 1, 1, '2018-04-18 18:31:29', '2018-04-18 18:31:29'),
(29, 4, 'Test', 3, 1, '2018-04-18 19:00:43', '2018-04-18 19:00:43'),
(30, 5, NULL, 1, 1, '2018-04-25 17:08:55', '2018-04-25 17:08:55'),
(31, 5, 'hjfljgvkjlgluijvli.h', 2, 1, '2018-04-25 17:26:02', '2018-04-25 17:26:02'),
(32, 5, NULL, 1, 1, '2018-04-26 04:12:48', '2018-04-26 04:12:48'),
(33, 5, NULL, 1, 1, '2018-05-03 06:06:56', '2018-05-03 06:06:56'),
(34, 5, NULL, 1, 1, '2018-05-04 06:19:07', '2018-05-04 06:19:07'),
(35, 4, 'Great service, I like this phone', 1, 14, '2019-04-15 08:59:21', '2019-04-15 08:59:21');

-- --------------------------------------------------------

--
-- Table structure for table `roles`
--

CREATE TABLE `roles` (
  `id` int(10) UNSIGNED NOT NULL,
  `created_at` timestamp NULL DEFAULT NULL,
  `updated_at` timestamp NULL DEFAULT NULL
) ENGINE=InnoDB DEFAULT CHARSET=utf8mb4 COLLATE=utf8mb4_unicode_ci;

-- --------------------------------------------------------

--
-- Table structure for table `sessions`
--

CREATE TABLE `sessions` (
  `id` varchar(191) COLLATE utf8mb4_unicode_ci NOT NULL,
  `user_id` int(10) UNSIGNED DEFAULT NULL,
  `ip_address` varchar(45) COLLATE utf8mb4_unicode_ci DEFAULT NULL,
  `user_agent` text COLLATE utf8mb4_unicode_ci,
  `payload` text COLLATE utf8mb4_unicode_ci NOT NULL,
  `last_activity` int(11) NOT NULL
) ENGINE=InnoDB DEFAULT CHARSET=utf8mb4 COLLATE=utf8mb4_unicode_ci;

-- --------------------------------------------------------

--
-- Table structure for table `social_accounts`
--

CREATE TABLE `social_accounts` (
  `user_id` int(10) UNSIGNED NOT NULL,
  `provider` varchar(191) COLLATE utf8mb4_unicode_ci NOT NULL,
  `provider_user_id` varchar(191) COLLATE utf8mb4_unicode_ci NOT NULL,
  `created_at` timestamp NULL DEFAULT NULL,
  `updated_at` timestamp NULL DEFAULT NULL
) ENGINE=InnoDB DEFAULT CHARSET=utf8mb4 COLLATE=utf8mb4_unicode_ci;

-- --------------------------------------------------------

--
-- Table structure for table `users`
--

CREATE TABLE `users` (
  `id` int(10) UNSIGNED NOT NULL,
  `name` varchar(191) COLLATE utf8mb4_unicode_ci NOT NULL,
  `email` varchar(191) COLLATE utf8mb4_unicode_ci NOT NULL,
  `password` varchar(191) COLLATE utf8mb4_unicode_ci NOT NULL,
  `remember_token` varchar(100) COLLATE utf8mb4_unicode_ci DEFAULT NULL,
  `created_at` timestamp NULL DEFAULT NULL,
  `updated_at` timestamp NULL DEFAULT NULL
) ENGINE=InnoDB DEFAULT CHARSET=utf8mb4 COLLATE=utf8mb4_unicode_ci;

--
-- Dumping data for table `users`
--

INSERT INTO `users` (`id`, `name`, `email`, `password`, `remember_token`, `created_at`, `updated_at`) VALUES
(1, 'Hassan', 'almdmr-2010@hotmail.com', '$2y$10$1k9sT5aBBlZg1hFR1wupu.nomYKeDkZ4ymxrLDjyAkqx.mGO7YIKu', 'lTgnR5w7Yrb7cQ0Py2pIdvKtFwIiTIa7a5eUHe6EYGGvNcOkiOupARciswbJ', '2018-04-14 15:29:06', '2018-04-14 15:29:06'),
(2, 'Numan', 'numan@hotmail.com', '$2y$10$xqgjH3FtQvFBlH9nUHD09up.av53C.8CloX76rAL.8kqrpK1SlSbm', 'JRK5sy6kmj43xWaBjJQdZLz5qpJZ0Op19WUBfWgBE2iGOWBuGPXil0YpMBfw', '2018-05-01 07:31:37', '2018-05-01 07:31:37'),
(9, 'hassan', '7snsabti@gmail.com', '$2y$10$PjcQWmvokrCXqeEzacE2cOVzNOVmVzcaeu/w83oYknh0nTYX/yK4O', 'tyEhY0Hg1FrN6KSkHFvTUeUX0RCVSx4SFaPlJ2rs3ULm0NM5OhuWy1awrvSj', '2019-03-22 12:27:42', '2019-03-22 12:27:42'),
(10, 'test1', 'aa@hh.com', '$2y$10$zdc5O3h9XwGIiYZ2PShCiO2/p3tO1t7gcJBh86pWd5i.agRioJk9W', NULL, '2019-04-13 19:36:03', '2019-04-13 19:36:03'),
(11, 'test2', 'gg@hh.com', '$2y$10$kLYh1wLrSvZVdY74abQCNutBpxaFKOxeNecMxLZtcw9XAnqF3.6j6', NULL, '2019-04-13 19:39:25', '2019-04-13 19:39:25'),
(12, 'test3', 'bb@vv.com', '$2y$10$I7baezQgFsmApR/x9aUO1u0iIdC8lILFreY.NiCcnL29fXH4vD.iW', NULL, '2019-04-13 19:39:56', '2019-04-13 19:39:56'),
(13, 'test4', 'kk@cc.com', '$2y$10$BYMnB/luI.pLSaV840eXOubILoOHQBuN6xFlRG0pVUgJLB13d/KL.', NULL, '2019-04-13 19:43:06', '2019-04-13 19:43:06'),
(14, 'Conorado', 'con@con.com', '$2y$10$ISJ0S.zCKyPXIiJWyJGrYONfndkEn6HwQfxoiz/NkAqBa7qW9wDaK', 'bdOv1DrVIc2gDtr6aBqNMCXulq9S4Mj09eOlcOGf9GSR2eDe0Ag64Ai6PeEt', '2019-04-15 06:19:09', '2019-04-15 06:19:09'),
(15, 'aff', 'aff@con.com', '$2y$10$.uZcvQJyiFJ.e.s1q6OrP.t4A6w2o4b7k9odg9bqyhv9gBqBk3UuC', NULL, '2019-04-15 08:11:16', '2019-04-15 08:11:16');

--
-- Indexes for dumped tables
--

--
-- Indexes for table `addresses`
--
ALTER TABLE `addresses`
  ADD PRIMARY KEY (`id`),
  ADD KEY `addresses_user_foreign` (`user`);

--
-- Indexes for table `cartitems`
--
ALTER TABLE `cartitems`
  ADD PRIMARY KEY (`id`),
  ADD KEY `cartitems_cartid_foreign` (`cartid`);

--
-- Indexes for table `carts`
--
ALTER TABLE `carts`
  ADD PRIMARY KEY (`id`),
  ADD KEY `carts_user_foreign` (`user`);

--
-- Indexes for table `categories`
--
ALTER TABLE `categories`
  ADD PRIMARY KEY (`id`);

--
-- Indexes for table `migrations`
--
ALTER TABLE `migrations`
  ADD PRIMARY KEY (`id`);

--
-- Indexes for table `oauth_access_tokens`
--
ALTER TABLE `oauth_access_tokens`
  ADD PRIMARY KEY (`id`),
  ADD KEY `oauth_access_tokens_user_id_index` (`user_id`);

--
-- Indexes for table `oauth_auth_codes`
--
ALTER TABLE `oauth_auth_codes`
  ADD PRIMARY KEY (`id`);

--
-- Indexes for table `oauth_clients`
--
ALTER TABLE `oauth_clients`
  ADD PRIMARY KEY (`id`),
  ADD KEY `oauth_clients_user_id_index` (`user_id`);

--
-- Indexes for table `oauth_personal_access_clients`
--
ALTER TABLE `oauth_personal_access_clients`
  ADD PRIMARY KEY (`id`),
  ADD KEY `oauth_personal_access_clients_client_id_index` (`client_id`);

--
-- Indexes for table `oauth_refresh_tokens`
--
ALTER TABLE `oauth_refresh_tokens`
  ADD PRIMARY KEY (`id`),
  ADD KEY `oauth_refresh_tokens_access_token_id_index` (`access_token_id`);

--
-- Indexes for table `orderitems`
--
ALTER TABLE `orderitems`
  ADD PRIMARY KEY (`id`),
  ADD KEY `orderitems_product_foreign` (`product`),
  ADD KEY `orderitems_order_foreign` (`order`);

--
-- Indexes for table `orders`
--
ALTER TABLE `orders`
  ADD PRIMARY KEY (`id`),
  ADD KEY `orders_user_foreign` (`user`),
  ADD KEY `orders_address_foreign` (`address`);

--
-- Indexes for table `password_resets`
--
ALTER TABLE `password_resets`
  ADD KEY `password_resets_email_index` (`email`);

--
-- Indexes for table `posts`
--
ALTER TABLE `posts`
  ADD PRIMARY KEY (`id`);

--
-- Indexes for table `products`
--
ALTER TABLE `products`
  ADD PRIMARY KEY (`id`),
  ADD KEY `products_category_foreign` (`category`);

--
-- Indexes for table `reviews`
--
ALTER TABLE `reviews`
  ADD PRIMARY KEY (`id`),
  ADD KEY `reviews_product_foreign` (`product`),
  ADD KEY `reviews_user_foreign` (`user`);

--
-- Indexes for table `roles`
--
ALTER TABLE `roles`
  ADD PRIMARY KEY (`id`);

--
-- Indexes for table `sessions`
--
ALTER TABLE `sessions`
  ADD UNIQUE KEY `sessions_id_unique` (`id`);

--
-- Indexes for table `social_accounts`
--
ALTER TABLE `social_accounts`
  ADD UNIQUE KEY `social_accounts_user_id_provider_unique` (`user_id`,`provider`);

--
-- Indexes for table `users`
--
ALTER TABLE `users`
  ADD PRIMARY KEY (`id`),
  ADD UNIQUE KEY `users_email_unique` (`email`);

--
-- AUTO_INCREMENT for dumped tables
--

--
-- AUTO_INCREMENT for table `addresses`
--
ALTER TABLE `addresses`
  MODIFY `id` int(10) UNSIGNED NOT NULL AUTO_INCREMENT, AUTO_INCREMENT=9;
--
-- AUTO_INCREMENT for table `cartitems`
--
ALTER TABLE `cartitems`
  MODIFY `id` int(10) UNSIGNED NOT NULL AUTO_INCREMENT, AUTO_INCREMENT=159;
--
-- AUTO_INCREMENT for table `carts`
--
ALTER TABLE `carts`
  MODIFY `id` int(10) UNSIGNED NOT NULL AUTO_INCREMENT, AUTO_INCREMENT=330;
--
-- AUTO_INCREMENT for table `categories`
--
ALTER TABLE `categories`
  MODIFY `id` int(10) UNSIGNED NOT NULL AUTO_INCREMENT, AUTO_INCREMENT=5;
--
-- AUTO_INCREMENT for table `migrations`
--
ALTER TABLE `migrations`
  MODIFY `id` int(10) UNSIGNED NOT NULL AUTO_INCREMENT, AUTO_INCREMENT=23;
--
-- AUTO_INCREMENT for table `oauth_clients`
--
ALTER TABLE `oauth_clients`
  MODIFY `id` int(10) UNSIGNED NOT NULL AUTO_INCREMENT, AUTO_INCREMENT=5;
--
-- AUTO_INCREMENT for table `oauth_personal_access_clients`
--
ALTER TABLE `oauth_personal_access_clients`
  MODIFY `id` int(10) UNSIGNED NOT NULL AUTO_INCREMENT, AUTO_INCREMENT=2;
--
-- AUTO_INCREMENT for table `orderitems`
--
ALTER TABLE `orderitems`
  MODIFY `id` int(10) UNSIGNED NOT NULL AUTO_INCREMENT, AUTO_INCREMENT=60;
--
-- AUTO_INCREMENT for table `orders`
--
ALTER TABLE `orders`
  MODIFY `id` int(10) UNSIGNED NOT NULL AUTO_INCREMENT, AUTO_INCREMENT=33;
--
-- AUTO_INCREMENT for table `posts`
--
ALTER TABLE `posts`
  MODIFY `id` int(10) UNSIGNED NOT NULL AUTO_INCREMENT;
--
-- AUTO_INCREMENT for table `products`
--
ALTER TABLE `products`
  MODIFY `id` int(10) UNSIGNED NOT NULL AUTO_INCREMENT, AUTO_INCREMENT=7;
--
-- AUTO_INCREMENT for table `reviews`
--
ALTER TABLE `reviews`
  MODIFY `id` int(10) UNSIGNED NOT NULL AUTO_INCREMENT, AUTO_INCREMENT=36;
--
-- AUTO_INCREMENT for table `roles`
--
ALTER TABLE `roles`
  MODIFY `id` int(10) UNSIGNED NOT NULL AUTO_INCREMENT;
--
-- AUTO_INCREMENT for table `users`
--
ALTER TABLE `users`
  MODIFY `id` int(10) UNSIGNED NOT NULL AUTO_INCREMENT, AUTO_INCREMENT=16;
--
-- Constraints for dumped tables
--

--
-- Constraints for table `addresses`
--
ALTER TABLE `addresses`
  ADD CONSTRAINT `addresses_user_foreign` FOREIGN KEY (`user`) REFERENCES `users` (`id`);

--
-- Constraints for table `cartitems`
--
ALTER TABLE `cartitems`
  ADD CONSTRAINT `cartitems_cartid_foreign` FOREIGN KEY (`cartid`) REFERENCES `carts` (`id`);

--
-- Constraints for table `carts`
--
ALTER TABLE `carts`
  ADD CONSTRAINT `carts_user_foreign` FOREIGN KEY (`user`) REFERENCES `users` (`id`);

--
-- Constraints for table `orderitems`
--
ALTER TABLE `orderitems`
  ADD CONSTRAINT `orderitems_order_foreign` FOREIGN KEY (`order`) REFERENCES `orders` (`id`),
  ADD CONSTRAINT `orderitems_product_foreign` FOREIGN KEY (`product`) REFERENCES `products` (`id`);

--
-- Constraints for table `orders`
--
ALTER TABLE `orders`
  ADD CONSTRAINT `orders_address_foreign` FOREIGN KEY (`address`) REFERENCES `addresses` (`id`),
  ADD CONSTRAINT `orders_user_foreign` FOREIGN KEY (`user`) REFERENCES `users` (`id`);

--
-- Constraints for table `products`
--
ALTER TABLE `products`
  ADD CONSTRAINT `products_category_foreign` FOREIGN KEY (`category`) REFERENCES `categories` (`id`) ON DELETE CASCADE;

--
-- Constraints for table `reviews`
--
ALTER TABLE `reviews`
  ADD CONSTRAINT `reviews_product_foreign` FOREIGN KEY (`product`) REFERENCES `products` (`id`),
  ADD CONSTRAINT `reviews_user_foreign` FOREIGN KEY (`user`) REFERENCES `users` (`id`);

--
-- Constraints for table `social_accounts`
--
ALTER TABLE `social_accounts`
  ADD CONSTRAINT `social_accounts_user_id_foreign` FOREIGN KEY (`user_id`) REFERENCES `users` (`id`) ON DELETE CASCADE;

/*!40101 SET CHARACTER_SET_CLIENT=@OLD_CHARACTER_SET_CLIENT */;
/*!40101 SET CHARACTER_SET_RESULTS=@OLD_CHARACTER_SET_RESULTS */;
/*!40101 SET COLLATION_CONNECTION=@OLD_COLLATION_CONNECTION */;
